date,source,headline,query,frost_news,harvest_news,price_news,support_price,production_cut,production_up,export_news,bearish_prod,bullish_prod,bearish_price,bullish_price
2026-05-07 07:21:58,Uzmanpara,Ticaret borsalarında 298 bin tonu aşkın fındık işlem gördü - Uzmanpara,fındık,0,0,0,0,0,0,0,,,,
2026-05-07 07:13:00,Habertürk,Düzce'den AB ülkelerine 4 bin 452 ton fındık ihraç edildi - Habertürk,fındık,0,0,0,0,0,0,0,,,,
2026-05-07 07:40:00,Yeşilgiresun Gazetesi,Fındık Fiyatında Çift Haneli Düşüş! - Yeşilgiresun Gazetesi,fındık,0,0,1,0,0,0,0,,,,
2026-05-06 10:40:00,Giresun Öncü Gazetesi,Fındık fiyatlarının ayarı bozuldu - Giresun Öncü Gazetesi,fındık,0,0,1,0,0,0,0,,,,
2026-05-07 06:05:00,Medyabar,Fındık fiyatları ne kadar? 7 Mayıs 2026 güncel fındık fiyatı - Medyabar,fındık,0,0,1,0,0,0,0,,,,
2026-05-06 12:44:28,Giresun İleri Gazetesi,Giresun'da Fındık Fiyatları Tepetaklak! - Giresun İleri Gazetesi,fındık,0,0,1,0,0,0,0,,,,
2026-05-07 14:41:52,Son Dakika,Düzce'den AB'ye Fındık İhracatı - Son Dakika,fındık,0,0,0,0,0,0,0,,,,
2026-05-04 14:47:00,Dünya Gazetesi,Trabzon’dan 4 ayda 352 milyon dolarlık fındık ihracatı - Dünya Gazetesi,fındık,0,0,0,0,0,0,1,,,,
2026-05-05 07:57:43,Odatv,Fındıkta kayıp büyüyor: ihracat çakıldı - Son Dakika Ekonomi Haberleri - Odatv,fındık,0,0,0,0,0,0,1,,,,
2026-05-04 12:08:00,Ekonomim,"UFK, fındıkta yeni destekleme mimarisini Ankara’ya taşıdı - Ekonomim",fındık,0,0,0,0,0,0,0,,,,
2026-05-07 06:47:00,Bizim Sakarya Gazetesi,7 Mayıs 2026 Fındık Fiyatları: Sakarya’da Fındık Bugün Kaç TL? - Bizim Sakarya Gazetesi,fındık fiyatı,0,0,1,0,0,0,0,,,,
2026-05-07 07:03:00,Çağdaş Kocaeli Gazetesi,Kocaeli fındık fiyatı 7 Mayıs 2026: Fındıkta üç kalite 210 TL’de eşitlendi - Çağdaş Kocaeli Gazetesi,fındık fiyatı,0,0,1,0,0,0,0,,,,
2026-05-07 12:11:27,Giresun İleri Gazetesi,Giresun'da fındık fiyatları bugün ne kadar? - Giresun İleri Gazetesi,fındık fiyatı,0,0,1,0,0,0,0,,,,
2026-05-05 06:59:00,Bugün Kocaeli Gazetesi,5 MAYIS 2026 GÜNCEL FINDIK FİYATLARI AÇIKLANDI - Bugün Kocaeli Gazetesi,fındık fiyatı,0,0,0,0,0,0,0,,,,
2026-05-07 07:30:53,orducu.com,İşte Ordu'da 7 Mayıs Perşembe Fındık Fiyatı! - orducu.com,fındık fiyatı,0,0,1,0,0,0,0,,,,
2026-05-06 06:30:00,Sakarya Yenigün Gazetesi,Sakarya’da fındık fiyatları - Sakarya Yenigün Gazetesi,fındık fiyatı,0,0,1,0,0,0,0,,,,
2026-05-07 13:07:00,Düzce Damla Gazetesi,Yeni fiyatlar piyasayı karıştırdı! Fındık alarm verdi! - Düzce Damla Gazetesi,fındık fiyatı,0,0,1,0,0,0,0,,,,
2026-05-07 06:48:00,Çağdaş Kocaeli Gazetesi,Sakarya fındık fiyatı 7 Mayıs 2026: Net fiyat 165 TL oldu! Bahçe yevmiyesi 6 bin TL’ye çıktı - Çağdaş Kocaeli Gazetesi,fındık fiyatı,0,0,1,0,0,0,0,,,,
2026-05-04 06:33:00,Bugün Kocaeli Gazetesi,4 MAYIS 2026 FINDIK FİYATLARI AÇIKLANDI! KOCAELİ’DE FINDIK NE KADAR OLDU? - Bugün Kocaeli Gazetesi,fındık fiyatı,0,0,0,0,0,0,0,,,,
2026-05-07 21:03:21,orducu.com,Fındıkta Akılalmaz Uçurum: Tek Kaybeden Üretici - orducu.com,fındık fiyatı,0,0,0,0,0,0,0,,,,
2026-05-04 11:05:46,Anadolu Ajansı,Fındık üreticisinin zirai don korkusu - Anadolu Ajansı,fındık don,1,0,0,0,0,0,0,,,,
2026-05-07 06:00:00,Ünye Kent Gazetesi,"""Fındık çuvala girmeden risk bitmez"" - Ünye Kent Gazetesi",fındık don,0,0,0,0,0,0,0,,,,
2026-05-03 07:53:00,orducu.com,İşte Ordu'da 3 Mayıs Pazar Fındık Fiyatı! - orducu.com,fındık don,0,0,1,0,0,0,0,,,,
2026-04-21 07:00:00,Fatsa Gazetesi,ZİRAİ DON FATSA’DA FINDIK BAHÇELERİNİ VURDU - Fatsa Gazetesi,fındık don,1,0,0,0,0,0,0,,,,
2026-04-10 07:00:00,Giresun Öncü Gazetesi,Fındık fiyatlarındaki düşüş normal değil! - Giresun Öncü Gazetesi,fındık don,0,0,1,0,0,0,0,,,,
2026-03-02 08:00:00,Rizedeyiz,Fındık Üreticileri Alarmda: Zirai Don Riski Devam Ediyor - Rizedeyiz,fındık don,1,0,0,0,0,0,0,,,,
2026-03-02 08:00:00,Yeşilgiresun Gazetesi,"Fındıkta ""Kritik Eşik"" Uyarısı! 18 Nisan’a Kadar Tehlike Var! - Yeşilgiresun Gazetesi",fındık don,0,0,0,0,0,0,0,,,,
2026-04-09 07:00:00,Haberler,"Giresun'da fındıkta don riski yok, üreticiyi kokarca korkutuyor - Haberler",fındık don,1,0,0,0,0,0,0,,,,
2026-04-10 07:00:00,Saray Medya,"Giresun'da fındıkta don riski yok, kokarca tehdidi artıyor - Saray Medya",fındık don,1,0,0,0,0,0,0,,,,
2026-04-28 07:32:08,Düzce Gazete Efsane,"DP Merkez İlçe Başkanı Yusuf Kısa’dan Fındık Uyarısı: ""Üretici Hem Ekonomik Hem Doğal Risklerin Kıskacında"" - Düzce Gazete Efsane",fındık don,0,0,0,0,0,0,0,,,,
2026-05-02 05:00:00,Yeşilgiresun Gazetesi,Giresun'da Üreticilere Hasat File Desteği - Yeşilgiresun Gazetesi,fındık hasat,0,1,0,0,0,0,0,,,,
2026-04-20 07:00:00,Anadolu Ajansı,Orta ve Doğu Karadenizli üreticiler fındıkta iyi verim için sahada - Anadolu Ajansı,fındık hasat,0,0,0,0,0,0,0,,,,
2025-08-06 07:00:00,İletişim Başkanlığı,Güce’de Fındık Hasat Festivali düzenlendi (Giresun) - İletişim Başkanlığı,fındık hasat,0,1,0,0,0,0,0,,,,
2026-05-01 07:47:03,Giresun İleri Gazetesi,Giresunlu Üreticiye Yeni Fırsat: Hasat Filesine Hibe Desteği! - Giresun İleri Gazetesi,fındık hasat,0,1,0,0,0,0,0,,,,
2025-08-27 07:00:00,Ordu İl Tarım ve Orman Müdürlüğü,ORDU’DA FINDIK HASADINDA FİLE SİSTEMİ YAYGINLAŞIYOR - Ordu İl Tarım ve Orman Müdürlüğü,fındık hasat,0,0,0,0,0,0,0,,,,
2025-08-07 07:00:00,Bigpara,Fındıkta hasat zamanı - Bigpara,fındık hasat,0,1,0,0,0,0,0,,,,
2025-07-29 07:00:00,Ekonomim,Ordu'da fındık hasat tarihleri açıklandı - Ekonomim,fındık hasat,0,1,0,0,0,0,0,,,,
2025-07-31 07:00:00,Analiz Gazetesi,Düzce'de Fındık Hasadı 9 Ağustos'ta Başlıyor - Analiz Gazetesi,fındık hasat,0,0,0,0,0,0,0,,,,
2025-08-09 07:00:00,DHA | Demirören Haber Ajansı,Samsun’da fındık hasadı 9 Ağustos’ta başlıyor - DHA | Demirören Haber Ajansı,fındık hasat,0,0,0,0,0,0,0,,,,
2025-07-28 07:00:00,61SAAT,Trabzon'da fındık hasat tarihleri belli oldu - 61SAAT,fındık hasat,0,1,0,0,0,0,0,,,,
2026-05-07 06:38:00,Çağdaş Kocaeli Gazetesi,Ordu fındık fiyatı 7 Mayıs 2026: Serbest piyasa ve Fiskobirlik listesi... Fatsa’dan ihracat çıkışı geldi - Çağdaş Kocaeli Gazetesi,fiskobirlik,0,0,1,0,0,0,1,,,,
2025-11-09 08:00:00,birgun.net,Fındığın kalkanını kim kaldırdı? Fiskobirlik’ten Ferrero tekeline neoliberalizmin mirası - birgun.net,fiskobirlik,0,0,0,0,0,0,0,,,,
2026-01-15 08:00:00,ankahaber.net,"CHP Giresun İl Başkanı Şenyürek'ten FİSKOBİRLİK Başkanı Bayraktar'a ""görevi bırak"" çağrısı - ankahaber.net",fiskobirlik,0,0,0,0,0,0,0,,,,
2025-08-15 07:00:00,Anadolu Ajansı,"FİSKOBİRLİK, 2020 ürünü fındık alımına başladı - Anadolu Ajansı",fiskobirlik,0,1,0,0,0,0,0,,,,
2026-01-17 08:00:00,61SAAT,Fiskobirlik olağan mali genel kurulu Giresun’da yapıldı - 61SAAT,fiskobirlik,0,0,0,0,0,0,0,,,,
2025-09-10 07:00:00,Yeşilgiresun Gazetesi,FİSKOBİRLİK Fındık Alım Fiyatını Artırdı: Serbest Piyasada da Fındık 300₺ Oldu - Yeşilgiresun Gazetesi,fiskobirlik,0,0,1,0,0,0,0,,,,
2025-09-06 07:00:00,Yeşilgiresun Gazetesi,"Fındık Fiyatı Serbest Piyasa'da Durdu, FİSKOBİRLİK Fiyat Farkını 15 Liraya Çıkardı - Yeşilgiresun Gazetesi",fiskobirlik,0,0,1,0,0,0,0,,,,
2026-01-19 08:00:00,Yeşilgiresun Gazetesi,FİSKOBİRLİK Mali Genel Kurul Yaptı; Fındık Fiyatı Düştü! - Yeşilgiresun Gazetesi,fiskobirlik,0,0,1,0,0,0,0,,,,
2025-11-25 08:00:00,Yeşilgiresun Gazetesi,"FİSKOBİRLİK, Fındık Alım Fiyatını Güncelledi - Yeşilgiresun Gazetesi",fiskobirlik,0,0,1,0,0,0,0,,,,
2026-03-07 08:00:00,Ekonomim,2026-2027 tahmini fındık rekoltesi açıklandı - Ekonomim,findik rekolte,0,1,0,0,0,0,0,,,,
2026-03-10 07:00:00,Ekonomi Gazetesi,Fındıkta yeni sezonun ilk tahmini 829 bin ton - Ekonomi Gazetesi,findik rekolte,0,0,0,0,0,0,0,,,,
2025-08-06 07:00:00,Anadolu Ajansı,Fındık rekoltesinin bu yıl 453 bin ton olması bekleniyor - Anadolu Ajansı,findik rekolte,0,1,0,0,0,0,0,,,,
2026-03-19 07:00:00,61SAAT,"Fıkralık olay! Fındık dalları kar altındayken, rekolte açıkladılar... - 61SAAT",findik rekolte,0,1,0,0,0,0,0,,,,
2026-02-10 08:00:00,Yeşilgiresun Gazetesi,TÜRKİYE FINDIK REKOLTESI VE FİYATI TAHMİNİ REKOLTEYE GÖRE BELİRLENEMEZ - Yeşilgiresun Gazetesi,findik rekolte,0,1,0,0,0,0,0,,,,
2026-03-15 07:00:00,Giresun Öncü Gazetesi,Fındık ihracatçılarına rekolte tepkileri sürüyor - Giresun Öncü Gazetesi,findik rekolte,0,1,0,0,0,0,1,,,,
2025-07-30 07:00:00,Giresun İleri Gazetesi,2025 Fındık Rekoltesi Kafa Karıştırdı: Hangi Rakam Doğru? - Giresun İleri Gazetesi,findik rekolte,0,1,0,0,0,0,0,,,,
2026-04-09 07:00:00,Son Dakika,Giresun'da Fındık Rekoltesi Umut Veriyor - Son Dakika,findik rekolte,0,1,0,0,0,0,0,,,,
2026-03-14 07:00:00,ankahaber.net,"Ayvacık Ziraat Odası'ndan ""rekoltede manipülasyon"" iddiası: ""Kar varken nasıl hesap yaptınız?"" - ankahaber.net",findik rekolte,0,1,0,0,0,0,0,,,,
2026-03-16 07:00:00,Yeniçağ Gazetesi,Kar altındaki dallardan fındık rekoltesi açıklayanlara tepki: Bu üreticiye büyük bir operasyondur - Yeniçağ Gazetesi,findik rekolte,0,1,0,0,0,0,0,,,,
2025-10-31 07:00:00,Gazete Oksijen,"Financial Times: Türkiye'deki fındık üreticileri ve Nutella karşı karşıya geldi, alımlar durdu - Gazete Oksijen",turkey hazelnut,0,0,0,0,0,0,0,,,,
2025-11-03 08:00:00,Medyascope,Nutella krizi: Ferrero Türkiye’den fındık alımını durdurdu - Medyascope,turkey hazelnut,0,0,0,0,0,0,0,,,,
2025-12-31 08:00:00,Anadolu Ajansı,"Türkiye has completed feasibility, design work for space port in Somalia: Minister - Anadolu Ajansı",turkey hazelnut,0,0,0,0,0,0,0,,,,
2017-03-28 07:00:00,Giresun Ticaret ve Sanayi Odası,Visit From the Sister City Alba Delegation - Giresun Ticaret ve Sanayi Odası,turkey hazelnut,0,0,0,0,0,0,0,,,,
2025-02-19 08:00:00,TradingView,BALSU Stock Price and Chart — BIST:BALSU - TradingView,turkey hazelnut,0,0,1,0,0,0,0,,,,
2019-07-03 07:00:00,Anadolu Ajansı,"Samsun's Ayvacik district namely ""Hidden Paradise"" - Anadolu Ajansı",turkey hazelnut,0,0,0,0,0,0,0,,,,
2024-02-06 08:00:00,Nature,Effects of composts obtained from hazelnut wastes on the cultivation of pepper ( Capsicum annuum ) seedlings - Nature,turkey hazelnut,0,0,0,0,0,0,0,,,,
,Haberler.com,Haberler.com,fındık,0,0,0,0,0,0,0,,,,
2026-05-07 08:14:18,Ekonomi Gazetesi,"8 ayda 298,2 bin ton fındık işlem gördü - Ekonomi Gazetesi",fındık,0,0,0,0,0,0,0,,,,
2026-04-23 21:00:00,Ekonomim,"Fındıkta fiyatlar TMO’nun altına düştü, denge bozuldu - Ekonomim",fındık,0,0,1,0,0,0,0,,,,
2026-04-21 07:57:10,Doviz.com,Fındık ihracatındaki düşüş 1980'li yıllara döndü - Doviz.com,fındık,0,0,0,0,0,0,1,,,,
2026-05-07 08:31:42,Ekonomi Dünya,8 Ayda 298 Bin Ton Fındık Ticaret Borsalarında İşlem Gördü - Ekonomi Dünya,fındık,0,0,0,0,0,0,0,,,,
2026-05-04 13:41:06,Anadolu Ajansı,"Türkiye, fındık ihracatından 8 ayda 1 milyar 776 milyon doları aşkın gelir sağladı - Anadolu Ajansı",fındık,0,0,0,0,0,0,1,,,,
2026-05-07 07:10:00,Çağdaş Kocaeli Gazetesi,"Fındıkta beklenen yükseliş gelmedi! İl il fındık fiyatları 7 Mayıs 2026: Giresun, Ordu, Sakarya listesi - Çağdaş Kocaeli Gazetesi",fındık,0,0,1,0,0,0,0,,,,
2026-05-07 10:18:06,Ünye Kent Gazetesi,BM’de Türkiye’yi Durak Fındık temsil etti - Ünye Kent Gazetesi,fındık,0,0,0,0,0,0,0,,,,
2026-05-07 07:20:24,Sözcü Gazetesi,Fındık piyasasında 8 ayda 298 bin tonu aşkın fındık işlem gördü - Sözcü Gazetesi,fındık,0,0,1,0,0,0,0,,,,
2026-05-07 20:01:34,Habername.com,"Samsun'da kamyonet fındık bahçesine devrildi: 1 ölü, 2 yaralı - Habername.com",fındık,0,0,0,0,0,0,0,,,,
2026-05-07 08:40:12,Giresun İleri Gazetesi,Fındık Satışında Rakamlar Açıklandı: Giresun Listenin Zirvesinde! - Giresun İleri Gazetesi,fındık,0,0,0,0,0,0,0,,,,
2026-05-05 06:07:00,Çağdaş Kocaeli Gazetesi,Giresun fındık fiyatları - 4 Mayıs 2026 Pazartesi serbest piyasa güncel fındık fiyatı - Çağdaş Kocaeli Gazetesi,fındık,0,0,1,0,0,0,0,,,,
2026-04-20 07:00:00,Yeşilgiresun Gazetesi,Karadeniz Fındık İçin Bahçede! - Yeşilgiresun Gazetesi,fındık,0,0,0,0,0,0,0,,,,
2026-05-03 06:20:00,Çağdaş Kocaeli Gazetesi,Fındık fiyatları bugün kaç TL? 3 Mayıs 2026 Pazar serbest piyasa güncel fındık fiyatı - Çağdaş Kocaeli Gazetesi,fındık,0,0,1,0,0,0,0,,,,
2026-04-10 07:00:00,Yeşilgiresun Gazetesi,Fındık Üreticisi Yeni Sezondan Endişeli - Yeşilgiresun Gazetesi,fındık,0,0,0,0,0,0,0,,,,
2026-05-07 06:14:00,Çağdaş Kocaeli Gazetesi,Giresun fındık fiyatı 7 Mayıs 2026: 50 randıman kaç TL? Bahçeler için alarm verildi - Çağdaş Kocaeli Gazetesi,fındık,0,0,1,0,0,0,0,,,,
2026-05-07 07:17:57,Yeniçağ Gazetesi,Fındık piyasasında hareketlilik: 8 ayda 298 bin tonu aşkın işlem - Yeniçağ Gazetesi,fındık,0,0,1,0,0,0,0,,,,
2026-04-17 07:00:00,Anadolu Ajansı,Giresun ve Ordu'daki kadın çalışanlar en çok fındık ihracatına katkı sağladı - Anadolu Ajansı,fındık,0,0,0,0,0,0,1,,,,
2026-05-06 08:43:00,Çağdaş Kocaeli Gazetesi,Sakarya fındık fiyatı 6 Mayıs 2026: Serbest piyasada kabuklu fındık fiyatları - Çağdaş Kocaeli Gazetesi,fındık,0,0,1,0,0,0,0,,,,
2026-05-07 07:15:41,Haberler,Ticaret borsalarında 8 ayda 298 bin tonu aşkın fındık işlem gördü - Haberler,fındık,0,0,0,0,0,0,0,,,,
2026-05-07 11:35:28,orducu.com,8 Ayda Satılan Fındık Miktarı 300 Bin Tonda Kaldı! - orducu.com,fındık,0,0,0,0,0,0,0,,,,
2026-05-06 09:05:00,Çağdaş Kocaeli Gazetesi,Fındıkta kar alarmı fiyatı yükseltmedi: İl il 6 Mayıs 2026 fındık fiyatları - Çağdaş Kocaeli Gazetesi,fındık,0,0,1,0,0,0,0,,,,
2026-05-04 12:05:41,Giresun İleri Gazetesi,Giresun'da fındık fiyatları haftaya nasıl başladı? - Giresun İleri Gazetesi,fındık,0,0,1,0,0,0,0,,,,
2026-05-06 08:59:00,Çağdaş Kocaeli Gazetesi,Kocaeli fındık fiyatı 6 Mayıs 2026: Serbest piyasa güncel fındık fiyatları kaç TL? - Çağdaş Kocaeli Gazetesi,fındık,0,0,1,0,0,0,0,,,,
2026-05-04 11:51:00,61SAAT,Fındık ihracatında şok! Fiyatların neden düştüğü belli oldu - 61SAAT,fındık,0,0,1,0,0,0,1,,,,
2026-05-05 06:03:00,Çağdaş Kocaeli Gazetesi,Fındık fiyatı bugün ne kadar oldu? 5 Mayıs 2026 Salı serbest piyasa güncel fındık fiyatı - Çağdaş Kocaeli Gazetesi,fındık,0,0,1,0,0,0,0,,,,
2026-05-06 08:18:00,Çağdaş Kocaeli Gazetesi,Ordu fındık fiyatı 6 Mayıs 2026: 50 randıman kaç TL? - Çağdaş Kocaeli Gazetesi,fındık,0,0,1,0,0,0,0,,,,
2026-04-08 07:00:00,Dünya Gazetesi,Uzmanlar uyardı: Fındık üretiminde iki tehlike kapıda - Dünya Gazetesi,fındık,0,0,0,0,0,0,0,,,,
2026-05-06 07:11:00,Bizim Sakarya Gazetesi,Sakarya'da Fındık Fiyatları Sabit: 6 Mayıs Güncel Fiyatlar - Bizim Sakarya Gazetesi,fındık,0,0,1,0,0,0,0,,,,
2026-05-06 08:07:00,Çağdaş Kocaeli Gazetesi,Giresun fındık fiyatları 6 Mayıs 2026: Serbest piyasada 50 randıman fındık fiyatı ne kadar? - Çağdaş Kocaeli Gazetesi,fındık,0,0,1,0,0,0,0,,,,
2026-05-07 07:13:00,mersinhaber.com,Düzce'den Avrupa Birliği Ülkelerine 4 Bin 452 Ton Fındık İhraç Edildi - mersinhaber.com,fındık,0,0,0,0,0,0,0,,,,
2026-05-07 07:13:14,İhlas Haber Ajansı,Düzce’den AB ülkelerine 4 bin 452 ton fındık ihraç edildi İhlas Haber Ajansı - İhlas Haber Ajansı,fındık,0,0,0,0,0,0,0,,,,
2026-05-04 14:53:53,Investing.com Türkiye,"Fındık ihracatında sekiz aylık dönemde 1,7 milyar dolarlık gelir sağlandı - Investing.com Türkiye",fındık,0,0,0,0,0,0,1,,,,
2026-05-05 07:00:00,Yeşilgiresun Gazetesi,"Türkiye, Fındık İhracatından 8 Ayda Ne Kadar Gelir Sağladı? - Yeşilgiresun Gazetesi",fındık,0,0,0,0,0,0,0,,,,
2026-05-04 06:03:00,Çağdaş Kocaeli Gazetesi,Fındık fiyatı son durum! 4 Mayıs 2026 Pazartesi serbest piyasa güncel fındık fiyatı - Çağdaş Kocaeli Gazetesi,fındık,0,0,1,0,0,0,0,,,,
2026-05-04 14:49:38,Ekonomi Dünya,"Türkiye, fındık ihracatından 8 ayda 1 milyar 776 milyon doları aşkın gelir sağladı - Ekonomi Dünya",fındık,0,0,0,0,0,0,1,,,,
2026-04-17 07:00:00,61SAAT,Türk fındığına rakip oldu… Şili’de fındık fabrikası kurdu - 61SAAT,fındık,0,0,0,0,0,0,0,,,,
2026-05-05 22:15:00,Giresun Öncü Gazetesi,Giresun’da bahçelerde fındık kurdu tehlikesi - Giresun Öncü Gazetesi,fındık,0,0,0,0,0,0,0,,,,
2026-05-04 09:58:39,Giresun İleri Gazetesi,Giresun'da Fındık Üreticisine Kritik Uyarı: Takvim Açıklandı! - Giresun İleri Gazetesi,fındık,0,0,0,0,0,0,0,,,,
2026-05-04 13:27:07,Ünye Kent Gazetesi,Ünye'de fındık bahçelerinde bahar mesaisi başladı - Ünye Kent Gazetesi,fındık,0,0,0,0,0,0,0,,,,
2026-05-04 15:53:33,ekotürk,"Türkiye fındıkta liderliğini koruyor: Fındık ihracatında 8 ayda 1,7 milyar dolar gelir - ekotürk",fındık,0,0,0,0,0,0,1,,,,
2026-05-05 07:14:00,Bizim Sakarya Gazetesi,Sakarya'da Fındık Fiyatları İstikrarını Koruyor: Net 165 TL - Bizim Sakarya Gazetesi,fındık,0,0,1,0,0,0,0,,,,
2026-04-19 07:00:00,Sözcü Gazetesi,Türkiye'de fındığı bitiren AKP'nin kurucusu 70 bin ağaç ile fındık imparatorluğu kurmak için o ülkeye kadar gitti - Sözcü Gazetesi,fındık,0,0,0,0,0,0,0,,,,
2026-05-04 11:28:37,Giresun İleri Gazetesi,"Giresun Ziraat Odası Başkanı Nurittin Karan: ""Fındık Bahçeden Uzaklaşıyor"" - Giresun İleri Gazetesi",fındık,0,0,0,0,0,0,0,,,,
2026-05-04 12:19:00,NetGaste,Sakarya’da fındık sezonu hazırlıkları masaya yatırıldı - NetGaste,fındık,0,0,0,0,0,0,0,,,,
2026-04-16 07:00:00,Anadolu Ajansı,Doğu Karadeniz'den yılın ilk çeyreğinde 379 milyon dolarlık fındık ihracatı - Anadolu Ajansı,fındık,0,0,0,0,0,0,1,,,,
2026-05-04 07:16:00,Bizim Sakarya Gazetesi,Sakarya'da Fındık Haftaya Nasıl Başladı? İşte 4 Mayıs Güncel Fiyatlar - Bizim Sakarya Gazetesi,fındık,0,0,1,0,0,0,0,,,,
2026-05-04 13:57:47,CNN Türk,"Türkiyenin fındık geliri 8 ayda 1,77 milyar doları geçti - Son Dakika Ekonomi Haberleri - CNN Türk",fındık,0,0,0,0,0,0,0,,,,
2026-05-05 06:07:00,Çağdaş Kocaeli Gazetesi,Kocaeli fındık fiyatları - 5 Mayıs 2026 Salı serbest piyasa güncel fındık fiyatı - Çağdaş Kocaeli Gazetesi,fındık,0,0,1,0,0,0,0,,,,
2026-05-03 16:54:00,Giresun Öncü Gazetesi,Fındık zirve beklerken dip yaptı - Giresun Öncü Gazetesi,fındık,0,0,0,0,0,0,0,,,,
2026-05-05 06:32:00,Sakarya Yenigün Gazetesi,Fındık Fiyatları 5 Mayıs 2026: Sakarya’da Güncel Rakamlar - Sakarya Yenigün Gazetesi,fındık,0,0,1,0,0,0,0,,,,
2026-05-05 06:09:00,Çağdaş Kocaeli Gazetesi,Ordu fındık fiyatları - 5 Mayıs 2026 Salı serbest piyasa güncel fındık fiyatı - Çağdaş Kocaeli Gazetesi,fındık,0,0,1,0,0,0,0,,,,
2026-05-04 13:43:00,Ekonomim,"Türkiye’den fındık ihracatında 8 ayda 1,7 milyar doları aşan gelir - Ekonomim",fındık,0,0,0,0,0,0,1,,,,
2026-05-05 06:11:00,Çağdaş Kocaeli Gazetesi,Düzce fındık fiyatları - 5 Mayıs 2026 Salı serbest piyasa güncel fındık fiyatı - Çağdaş Kocaeli Gazetesi,fındık,0,0,1,0,0,0,0,,,,
2026-05-04 13:44:00,STAR - Haberler,﻿Fındık ihracatı 8 ayda 1.7 milyar dolar kazandırdı - STAR - Haberler,fındık,0,0,0,0,0,0,1,,,,
2026-05-04 13:54:00,24 Saat Gazetesi Ankara,Türkiye 8 ayda 135 bin ton fındık ihraç etti - 24 Saat Gazetesi Ankara,fındık,0,0,0,0,0,0,0,,,,
2026-05-04 13:12:00,Karadeniz Gazetesi,Fındık ihracatında dikkat çeken düşüş! 8 aylık veriler açıklandı - Karadeniz Gazetesi,fındık,0,0,0,0,0,0,1,,,,
2026-02-03 08:00:00,Anadolu Ajansı,"Fındık işleme tesisi için devlet desteği alan kadın, kendi işinin patronu oldu - Anadolu Ajansı",fındık,0,0,0,0,0,0,0,,,,
2026-04-02 07:00:00,Anadolu Ajansı,"Türkiye, fındık ihracatından 7 ayda 1 milyar 445 milyon doları aşkın gelir sağladı - Anadolu Ajansı",fındık,0,0,0,0,0,0,1,,,,
2026-05-06 00:01:31,Son Dakika,Besni'de Fındık Büyüklüğünde Dolu Yağdı - Son Dakika,fındık,0,0,0,0,0,0,0,,,,
2026-02-04 08:00:00,Anadolu Ajansı,Türkiye fındık ihracatından 5 ayda yaklaşık 973 milyon dolar gelir sağladı - Anadolu Ajansı,fındık,0,0,0,0,0,0,1,,,,
2026-05-04 13:37:00,Sakarya Yenigün Gazetesi,Fındık sezonuna hazırlık planları görüşüldü!... Mevsimlik tarım işçileri izleme kurulu toplantısı yapıldı - Sakarya Yenigün Gazetesi,fındık,0,0,0,0,0,0,0,,,,
2026-05-04 18:10:56,MSN,"Türkiye, fındık ihracatından 8 ayda 1 milyar 776 milyon doları aşkın gelir sağladı - MSN",fındık,0,0,0,0,0,0,1,,,,
2026-05-04 13:53:04,Konya Postası Gazetesi,"Türkiye, fındık ihracatından 1 milyar 776 milyon doları aşkın gelir sağladı - Konya Postası Gazetesi",fındık,0,0,0,0,0,0,1,,,,
2026-01-09 08:00:00,Ordu İl Tarım ve Orman Müdürlüğü,Fındık Yetiştiriciliği Konusunda Eğitimlerimiz Başladı - Ordu İl Tarım ve Orman Müdürlüğü,fındık,0,0,0,0,0,0,0,,,,
2026-05-07 06:35:00,Sakarya Yenigün Gazetesi,Fındıkta Son Durum: 7 Mayıs 2026’da Sakarya’da Fiyatlar Kaç TL Oldu? - Sakarya Yenigün Gazetesi,fındık,0,0,1,0,0,0,0,,,,
2026-05-05 09:35:00,Giresun Öncü Gazetesi,UFK’den fındıkta destek ödemesinde eğimli arazi ısrarı! - Giresun Öncü Gazetesi,fındık,0,0,0,0,0,0,0,,,,
2026-05-04 11:12:18,orducu.com,"Fındık İhracatında Gerileme: Gelir Korundu, Miktar Düştü - orducu.com",fındık,0,0,0,0,0,0,0,,,,
2026-02-04 08:00:00,Anadolu Ajansı,Ticaret borsalarında sezonun ilk 5 ayında 217 bin tonu aşkın fındık işlem gördü - Anadolu Ajansı,fındık,0,0,0,0,0,0,0,,,,
2026-03-08 08:00:00,Anadolu Ajansı,"Türkiye, fındık ihracatından iki ayda 388 milyon doları aşkın gelir sağladı - Anadolu Ajansı",fındık,0,0,0,0,0,0,1,,,,
2026-05-05 09:02:21,Giresun İleri Gazetesi,Fındıkta Kritik Eşik: Giresun'da Mücadele Zamanı Başlıyor! - Giresun İleri Gazetesi,fındık,0,0,0,0,0,0,0,,,,
2026-04-01 07:00:00,Anadolu Ajansı,Giresun'da köy kooperatifinde sertifikalı 3 bin fındık fidanı üretildi - Anadolu Ajansı,fındık,0,0,0,0,0,0,0,,,,
2026-03-31 07:00:00,Mynet Finans,Fiyatı düşmeye devam ediyor: 'Bundan sonra o belirleyecek' - Finans haberlerinin doğru adresi - Mynet Finans Haber - Mynet Finans,fındık,0,0,1,0,0,0,0,,,,
2026-04-16 07:00:00,Habertürk,"Fındıkta verim düşüklüğü maliyeti artırıyor Doç. Dr. Ali Turan: ""Yaşlanan fındık bahçeleri gençleştirilmeli"" - Habertürk",fındık,0,0,0,0,1,0,0,,,,
2026-01-28 08:00:00,Bloomberght,Türkiye'nin Hindistan'a fındık ihracatı artıyor - Bloomberght,fındık,0,0,0,0,0,0,1,,,,
2026-03-31 07:00:00,Dünya Gazetesi,Fındıkta sert düşüş: 100 TL geriledi - Dünya Gazetesi,fındık,0,0,0,0,0,0,0,,,,
2026-01-12 08:00:00,Anadolu Ajansı,Türkiye 2025'te en fazla Almanya'ya fındık ihracatı yaptı - Anadolu Ajansı,fındık,0,0,0,0,0,0,1,,,,
2025-12-26 08:00:00,Anadolu Ajansı,"Bakan Kacır, fındık kabuğundan sanayinin kritik süreçlerinde kullanılan “aktif karbon” üreten firmayı ziyaret etti - Anadolu Ajansı",fındık,0,0,0,0,0,0,0,,,,
2026-01-05 08:00:00,Bloomberght,Fındık ihracatında sert düşüş | Tarım haberleri - Bloomberght,fındık,0,0,0,0,0,0,1,,,,
2026-05-06 11:26:54,Giresun İleri Gazetesi,Samuray Arısı Üretimi Giresun'da Masaya Yatırıldı - Giresun İleri Gazetesi,fındık,0,0,0,0,0,0,0,,,,
2026-05-03 06:22:00,Çağdaş Kocaeli Gazetesi,Giresun fındık fiyatları - 3 Mayıs 2026 Pazar serbest piyasa güncel fındık fiyatı - Çağdaş Kocaeli Gazetesi,fındık fiyatı,0,0,1,0,0,0,0,,,,
2026-05-07 06:58:00,Çağdaş Kocaeli Gazetesi,Akçakoca Bey Kandıra'da dualarla anılacak: Erol Ölmez tüm Kocaeli’yi davet etti - Çağdaş Kocaeli Gazetesi,fındık fiyatı,0,0,0,0,0,0,0,,,,
2026-05-05 06:24:00,Çağdaş Kocaeli Gazetesi,Kocaeli vefat listesi (5 Mayıs 2026 Salı): Bugün vefat edenler ve defin yerleri - Çağdaş Kocaeli Gazetesi,fındık fiyatı,0,0,0,0,0,0,0,,,,
2026-05-04 22:06:00,Çağdaş Kocaeli Gazetesi,Meteoroloji açıkladı: Kocaeli’de hava tersine dönüyor! - Çağdaş Kocaeli Gazetesi,fındık fiyatı,0,0,0,0,0,0,0,,,,
2026-05-05 06:19:00,Çağdaş Kocaeli Gazetesi,İzmit’te gece yarısı kaza: Büyükşehir A Takımı kazaya anında müdahale etti - Çağdaş Kocaeli Gazetesi,fındık fiyatı,0,0,0,0,0,0,0,,,,
2026-04-15 07:00:00,Çağdaş Kocaeli Gazetesi,Fındık fiyatı yükselişe geçti mi? 15 Nisan 2026 Çarşamba serbest piyasa güncel fındık fiyatı - Çağdaş Kocaeli Gazetesi,fındık fiyatı,0,0,1,0,0,0,0,,,,
2026-05-06 09:11:00,Çağdaş Kocaeli Gazetesi,Kandıra’daki rüşvet operasyonunda yeni gelişme: Fahri Buruş tutuklandı - Çağdaş Kocaeli Gazetesi,fındık fiyatı,0,0,0,0,0,0,0,,,,
2026-05-05 06:46:00,Çağdaş Kocaeli Gazetesi,Kocaeli'de kar zirveye geri döndü! Kuzuyayla'da dört mevsim bir arada - Çağdaş Kocaeli Gazetesi,fındık fiyatı,0,0,0,0,0,0,0,,,,
2026-05-04 06:19:00,Çağdaş Kocaeli Gazetesi,Kocaeli vefat listesi (4 Mayıs 2026 Pazartesi): Bugün vefat edenler ve defin yerleri - Çağdaş Kocaeli Gazetesi,fındık fiyatı,0,0,0,0,0,0,0,,,,
2026-04-08 07:00:00,Çağdaş Kocaeli Gazetesi,Fındık fiyatı son durum! 8 Nisan 2026 Çarşamba serbest piyasa güncel fındık fiyatı - Çağdaş Kocaeli Gazetesi,fındık fiyatı,0,0,1,0,0,0,0,,,,
2026-05-01 06:06:00,Çağdaş Kocaeli Gazetesi,Fındık fiyatları bugün kaç TL? 1 Mayıs 2026 Cuma serbest piyasa güncel fındık fiyatı - Çağdaş Kocaeli Gazetesi,fındık fiyatı,0,0,1,0,0,0,0,,,,
2026-05-04 11:58:00,Düzce Damla Gazetesi,Fındıkta Mayıs krizi! Yeni fiyatlar açıklandı! - Düzce Damla Gazetesi,fındık fiyatı,0,0,1,0,0,0,0,,,,
2026-04-10 07:00:00,Akyazı Haber Akyazı'nın Bir Numaralı Haber Sitesi,Fındık fiyatı ne kadar oldu; İşte güncel fındık fiyatı - Akyazı Haber Akyazı'nın Bir Numaralı Haber Sitesi,fındık fiyatı,0,0,1,0,0,0,0,,,,
2026-04-09 07:00:00,Taka Gazete,Bugün Fındık Fiyatları Kaç TL Oldu? İşte Güncel Fındık Fiyatları... - Taka Gazete,fındık fiyatı,0,0,1,0,0,0,0,,,,
2026-04-13 08:05:00,NetGaste,"13 Nisan 2026 fındık fiyatları: Sakarya, Ordu, Giresun, Trabzon ve Düzce’de son durum - NetGaste",fındık fiyatı,0,0,1,0,0,0,0,,,,
2026-03-26 07:00:00,Yeşilgiresun Gazetesi,Fındık Fiyatı Eriyor! 3 Günde Yaşanan 35 Liralık Düşüş Üreticiyi Korkuttu! - Yeşilgiresun Gazetesi,fındık fiyatı,0,0,1,0,0,0,0,,,,
2026-03-10 07:00:00,61SAAT,"Fındık fiyatı neden artmıyor? TMO, Ferrero el ele... - 61SAAT",fındık fiyatı,0,0,1,0,0,0,0,,,,
2026-04-06 07:00:00,Çağdaş Kocaeli Gazetesi,Fındık fiyatı son durum! 6 Nisan 2026 Pazartesi serbest piyasa güncel fındık fiyatı - Çağdaş Kocaeli Gazetesi,fındık fiyatı,0,0,1,0,0,0,0,,,,
2026-04-09 07:00:00,NetGaste,"9 Nisan 2026 Fındık Fiyatları: Sakarya, Düzce, Ordu, Giresun ve Trabzon’da Son Durum - NetGaste",fındık fiyatı,0,0,1,0,0,0,0,,,,
2025-12-16 08:00:00,Milliyet,Giresun'da fındık fiyatı 250 TL'ye geriledi - Milliyet,fındık fiyatı,0,0,1,0,0,0,0,,,,
2026-04-25 07:00:00,orducu.com,İşte Ordu'da 25 Nisan Cumartesi Fındık Fiyatı! - orducu.com,fındık fiyatı,0,0,1,0,0,0,0,,,,
2026-03-31 07:00:00,Yeşilgiresun Gazetesi,Fındık Fiyatı 320 TL’den 220 TL’ye Geriledi! Yeni Sezon Planları Değişiyor Mu? - Yeşilgiresun Gazetesi,fındık fiyatı,0,0,1,0,0,0,0,,,,
2026-04-01 07:00:00,Çağdaş Kocaeli Gazetesi,Fındık fiyatı güncel liste! 1 Nisan 2026 Çarşamba serbest piyasa güncel fındık fiyatı - Çağdaş Kocaeli Gazetesi,fındık fiyatı,0,0,1,0,0,0,0,,,,
2026-03-15 07:00:00,ankahaber.net,"EMEP Ordu İl Başkanı Uzun'dan fındık fiyatı açıklaması: ""Fiyat, iktidarın desteğiyle tarım ve gıda şirketleri lehine belirleniyor"" - ankahaber.net",fındık fiyatı,0,0,1,0,0,0,0,,,,
2026-01-21 08:00:00,Yeşilgiresun Gazetesi,Fındık Fiyatı Eriyor! Peş Peşe 3. Düşüş Yaşandı - Yeşilgiresun Gazetesi,fındık fiyatı,0,0,1,0,0,0,0,,,,
2026-02-27 08:00:00,NetGaste,"27 Şubat 2026 Fındık Fiyatları: Trabzon, Giresun, Ordu, Düzce, Sakarya Güncel Liste - NetGaste",fındık fiyatı,0,0,1,0,0,0,0,,,,
2026-03-27 07:00:00,NetGaste,"27 Mart 2026 Fındık Fiyatları: Sakarya, Ordu, Giresun, Trabzon ve Düzce’de Kritik Seviye - NetGaste",fındık fiyatı,0,0,1,0,0,0,0,,,,
2026-04-19 06:35:00,Çağdaş Kocaeli Gazetesi,Fındık fiyatı bugün kaç TL? 19 Nisan 2026 Pazar serbest piyasa güncel fındık fiyatı - Çağdaş Kocaeli Gazetesi,fındık fiyatı,0,0,1,0,0,0,0,,,,
2026-04-07 06:13:00,Çağdaş Kocaeli Gazetesi,"Fındık fiyatı bugün ne kadar, kaç TL? 7 Nisan 2026 Salı serbest piyasa güncel fındık fiyatı - Çağdaş Kocaeli Gazetesi",fındık fiyatı,0,0,1,0,0,0,0,,,,
2026-04-05 07:00:00,Çağdaş Kocaeli Gazetesi,Fındık fiyatları bugün kaç TL? 5 Nisan 2026 Pazar serbest piyasa güncel fındık fiyatı - Çağdaş Kocaeli Gazetesi,fındık fiyatı,0,0,1,0,0,0,0,,,,
2026-04-12 07:54:00,Sakarya Yenigün Gazetesi,Sakarya’da Fındık Fiyatları Dibe Yaklaştı! 12 Nisan 2026 Güncel Rakamlar - Sakarya Yenigün Gazetesi,fındık fiyatı,0,0,1,0,0,0,0,,,,
2026-03-17 07:00:00,NetGaste,"Fındık Fiyatları 2026 Mart: Sakarya, Ordu, Giresun, Trabzon ve Düzce’de Güncel Rakamlar - NetGaste",fındık fiyatı,0,0,1,0,0,0,0,,,,
2026-02-27 08:00:00,Düzce Damla Gazetesi,Fındık fiyatı düştükçe düşüyor! Yeni fiyatlar açıklandı! - Düzce Damla Gazetesi,fındık fiyatı,0,0,1,0,0,0,0,,,,
2026-01-08 08:00:00,Yeşilgiresun Gazetesi,"""Stoklar Sıfırlanıyor, Fındık Fiyatı Artacak"" - Yeşilgiresun Gazetesi",fındık fiyatı,0,0,1,0,0,0,0,,,,
2026-03-26 07:00:00,Çağdaş Kocaeli Gazetesi,Fındık fiyatı son tablo! 26 Mart 2026 Perşembe serbest piyasa güncel fındık fiyatı - Çağdaş Kocaeli Gazetesi,fındık fiyatı,0,0,1,0,0,0,0,,,,
2025-12-23 08:00:00,Yeşilgiresun Gazetesi,Yeni Yıla Sayılı Günler Kala Giresun’da Fındık Fiyatı Hareketlendi - Yeşilgiresun Gazetesi,fındık fiyatı,0,0,1,0,0,0,0,,,,
2026-04-17 07:10:41,orducu.com,İşte Ordu'da 17 Nisan Cuma Fındık Fiyatı! - orducu.com,fındık fiyatı,0,0,1,0,0,0,0,,,,
2026-03-11 07:00:00,Giresun İleri Gazetesi,Giresun'da fındık fiyatları durağanlaştı! - Giresun İleri Gazetesi,fındık fiyatı,0,0,1,0,0,0,0,,,,
2026-01-20 08:00:00,61SAAT,"Fındık fiyatı artacak mı? Sert sözler: ""Ferrero'nun kaçacak yeri yok"" - 61SAAT",fındık fiyatı,0,0,1,0,0,0,0,,,,
2026-03-27 07:00:00,Medyabar,Fındık Fiyatları – 27 Mart 2026 Cuma Serbest Piyasa Güncel Fiyatlar - Medyabar,fındık fiyatı,0,0,1,0,0,0,0,,,,
2026-02-15 08:00:00,sakaryahaber.com,Fındık fiyatları dibi gördü - sakaryahaber.com,fındık fiyatı,0,0,1,0,0,0,0,,,,
2025-12-29 08:00:00,Yeşilgiresun Gazetesi,Fındık Fiyatı Ufak Ufak Artıyor? - Yeşilgiresun Gazetesi,fındık fiyatı,0,0,1,0,0,0,0,,,,
2026-02-28 08:00:00,NetGaste,"28 Şubat 2026 Fındık Fiyatları: Trabzon, Giresun, Ordu, Düzce, Sakarya Güncel Liste - NetGaste",fındık fiyatı,0,0,1,0,0,0,0,,,,
2026-04-08 07:00:00,Gıda Hattı,Ordu fındık fiyatları 2021 - 28 Temmuz bugün fındık fiyatı kaç TL? - Gıda Hattı,fındık fiyatı,0,0,1,0,0,0,0,,,,
2026-01-17 08:00:00,Giresun İleri Gazetesi,Giresun'da fındık piyasasında son durum… Fındık fiyatları ne kadar? - Giresun İleri Gazetesi,fındık fiyatı,0,0,1,0,0,0,0,,,,
2025-12-05 08:00:00,Yeşilgiresun Gazetesi,Fındık Fiyatı Bir İleri İki Geri! - Yeşilgiresun Gazetesi,fındık fiyatı,0,0,1,0,0,0,0,,,,
2026-03-02 08:00:00,NetGaste,"2 Mart 2026 Fındık Fiyatları: Trabzon, Giresun, Ordu, Düzce ve Sakarya Güncel Liste - NetGaste",fındık fiyatı,0,0,1,0,0,0,0,,,,
2026-01-29 08:00:00,sakaryahaber.com,Fındık fiyatları tepetaklak - sakaryahaber.com,fındık fiyatı,0,0,1,0,0,0,0,,,,
2026-03-13 07:00:00,Giresun İleri Gazetesi,"Giresun'da Fındık Fiyatları, Durağanlığını Düşüşle Bozdu! - Giresun İleri Gazetesi",fındık fiyatı,0,0,1,0,0,0,0,,,,
2026-03-12 07:00:00,NetGaste,"12 Mart 2026 Fındık Fiyatları: Sakarya, Düzce, Ordu, Giresun ve Trabzon’da son durum - NetGaste",fındık fiyatı,0,0,1,0,0,0,0,,,,
2026-03-15 07:00:00,Çağdaş Kocaeli Gazetesi,Giresun fındık fiyatları - 14 Mart 2026 Cumartesi serbest piyasa güncel fındık fiyatı - Çağdaş Kocaeli Gazetesi,fındık fiyatı,0,0,1,0,0,0,0,,,,
2026-02-19 08:00:00,Giresun İleri Gazetesi,Giresun'da fındık piyasasında son durum… Fındık fiyatları yükseldi mi? - Giresun İleri Gazetesi,fındık fiyatı,0,0,1,0,0,0,0,,,,
2025-11-07 08:00:00,61SAAT,Fındık fiyatı yeniden yükselecek mi? İşte son gelişmeler... - 61SAAT,fındık fiyatı,0,0,1,0,0,0,0,,,,
2026-02-20 08:00:00,Çağdaş Kocaeli Gazetesi,Sakarya fındık fiyatları - 20 Şubat 2026 Cuma serbest piyasa güncel fındık fiyatı - Çağdaş Kocaeli Gazetesi,fındık fiyatı,0,0,1,0,0,0,0,,,,
2026-02-04 08:00:00,NetGaste,"4 Şubat 2026 Fındık Fiyatları | Trabzon, Giresun, Ordu, Düzce, Sakarya - NetGaste",fındık fiyatı,0,0,1,0,0,0,0,,,,
2026-02-25 08:00:00,NetGaste,"25 Şubat 2026 Fındık Fiyatları: Trabzon, Giresun, Ordu, Düzce, Sakarya Güncel Liste - NetGaste",fındık fiyatı,0,0,1,0,0,0,0,,,,
2026-02-26 08:00:00,Çağdaş Kocaeli Gazetesi,Ordu fındık fiyatları - 26 Şubat 2026 Perşembe serbest piyasa güncel fındık fiyatı - Çağdaş Kocaeli Gazetesi,fındık fiyatı,0,0,1,0,0,0,0,,,,
2026-03-01 08:00:00,Çağdaş Kocaeli Gazetesi,Giresun fındık fiyatı bugün ne kadar? 1 Mart 2026 Pazar serbest piyasada güncel fiyat listesi - Çağdaş Kocaeli Gazetesi,fındık fiyatı,0,0,1,0,0,0,0,,,,
2025-08-07 07:00:00,Mynet Finans,Fındık fiyatları sonrası TMO fındık alım esaslarını açıkladı - Finans haberlerinin doğru adresi - Mynet Finans Haber - Mynet Finans,fındık fiyatı,0,0,1,0,0,0,0,,,,
2026-04-04 07:00:00,Sakarya Yenigün Gazetesi,Sakarya’da Fındık Fiyatları Dip Seviyede: 4 Nisan 2026 Güncel Rakamlar - Sakarya Yenigün Gazetesi,fındık fiyatı,0,0,1,0,0,0,0,,,,
2026-03-24 07:00:00,orducu.com,İşte Ordu'da 24 Mart Salı Günü Fındık Fiyatı! - orducu.com,fındık fiyatı,0,0,1,0,0,0,0,,,,
2026-02-16 08:00:00,NetGaste,"16 Şubat 2026 Fındık Fiyatları: Trabzon, Giresun, Ordu, Düzce, Sakarya Güncel Liste - NetGaste",fındık fiyatı,0,0,1,0,0,0,0,,,,
2026-04-19 07:00:00,Medyabar,Sakarya fındık fiyatları – 19 Nisan 2026 Pazar serbest piyasa güncel fiyatlar - Medyabar,fındık fiyatı,0,0,1,0,0,0,0,,,,
2026-04-02 07:00:00,Çağdaş Kocaeli Gazetesi,Fındık fiyatı bugün kaç TL? 2 Nisan 2026 Perşembe serbest piyasa güncel fındık fiyatı - Çağdaş Kocaeli Gazetesi,fındık fiyatı,0,0,1,0,0,0,0,,,,
2026-04-30 08:15:00,orducu.com,Fındıkta Don Alarmı: Üreticiye Kritik Uyarı - orducu.com,fındık don,1,0,0,0,0,0,0,,,,
2026-04-10 07:00:00,Giresun Öncü Gazetesi,Giresun’da fındık üreticilerine zirai don uyarısı - Giresun Öncü Gazetesi,fındık don,1,0,0,0,0,0,0,,,,
2026-02-17 08:00:00,Yeşilgiresun Gazetesi,Fındık Üreticilerine Sigorta Uyarısı! Zirai Don Kapıda mı? - Yeşilgiresun Gazetesi,fındık don,1,0,0,0,0,0,0,,,,
2026-04-10 12:21:21,orducu.com,Ordu’da Zirai Don Alarmı: Fındık Üreticisi Endişeli! - orducu.com,fındık don,1,0,0,0,0,0,0,,,,
2026-04-06 07:00:00,Giresun Öncü Gazetesi,Fındık için tehlike çanları - Giresun Öncü Gazetesi,fındık don,0,0,0,0,0,0,0,,,,
2026-04-10 07:00:00,Ünye Kent Gazetesi,Fındık bahçesinde zirai don nöbeti başladı! - Ünye Kent Gazetesi,fındık don,1,0,0,0,0,0,0,,,,
2026-04-12 13:08:16,orducu.com,Fındık Bahçeleri Kar Altında: 14 Nisan'a Kadar Risk Var - orducu.com,fındık don,0,0,0,0,0,0,0,,,,
2026-02-27 08:00:00,Ünye Kent Gazetesi,"Ordu’da zirai don alarmı: Fındık üreticisine ""kritik 48 saat"" uyarısı! - Ünye Kent Gazetesi",fındık don,1,0,0,0,0,0,0,,,,
2026-03-30 07:00:00,orducu.com,Nisan’da Don Kapıda: Fındık Risk Altında mı? - orducu.com,fındık don,1,0,0,0,0,0,0,,,,
2026-03-02 08:00:00,NTV Haber,"Ordu'nun güzide lezzetine zirai don riski, üretici endişeli - NTV Haber",fındık don,1,0,0,0,0,0,0,,,,
2026-03-05 08:00:00,gumuskoza.com.tr,"Fındıkta Don Endişesine Bilimsel Açıklama: ""Şu An Risk Yok, Fayda Var"" - gumuskoza.com.tr",fındık don,1,0,0,0,0,0,0,,,,
2026-04-12 13:44:16,Ünye Kent Gazetesi,"Arslan Soydan, piyasadaki gizli ellere işaret etti FINDIKTA FİYAT KAOSU! - Ünye Kent Gazetesi",fındık don,0,0,1,0,0,0,0,,,,
2026-04-07 07:00:00,Türkiye Gazetesi,"Çiftçinin kâbusu geri dönüyor! Geçen yıl 36 ili sardı, bu yıl yine kapıda! Zirai don için tarih verildi - Türkiye Gazetesi",fındık don,1,0,0,0,0,0,0,,,,
2026-04-05 07:00:00,Saray Medya,"Fındık üreticileri şokta: Afetler ve kuraklık rekolteyi vurdu, fiyatlar dibe vurdu! - Saray Medya",fındık don,0,1,1,0,0,0,0,,,,
2026-04-11 08:00:30,orducu.com,İşte Ordu'da 11 Nisan Cumartesi Fındık Fiyatı! - orducu.com,fındık don,0,0,1,0,0,0,0,,,,
2026-02-19 08:00:00,Giresun İleri Gazetesi,Giresun'da Fındık Üreticilerine Kritik Uyarı! - Giresun İleri Gazetesi,fındık don,0,0,0,0,0,0,0,,,,
2026-03-04 08:00:00,Mersin Haber Merkezi,"Kar altında kalan fındık bahçeleri, üreticileri tedirgin ediyor - Mersin Haber Merkezi",fındık don,0,0,0,0,0,0,0,,,,
2026-02-17 08:00:00,Yeşilgiresun Gazetesi,Hava Sıcaklıkları Fındığı Aldattı! Zirai Don Kapıda Mı? - Yeşilgiresun Gazetesi,fındık don,1,0,0,0,0,0,0,,,,
2026-04-06 13:07:00,orducu.com,"Eyvah, Fındıkta Yine Don Tehlikesi mi Var? - orducu.com",fındık don,1,0,0,0,0,0,0,,,,
2026-03-03 08:00:00,Saray Medya,"Fındık üreticileri zirai don tehlikesiyle karşı karşıya: Kar yağışı umut mu, tehdit mi? - Saray Medya",fındık don,1,0,0,0,0,0,0,,,,
2026-04-07 07:00:00,birgun.net,Kâbus dönüyor: Bakanlık’tan çiftçilere “zirai don” uyarısı - birgun.net,fındık don,0,0,0,0,0,0,0,,,,
2026-02-19 08:00:00,Yeşilgiresun Gazetesi,Fındık Üreticisine Ürününüzü Güvence Altına Alın Çağrısı - Yeşilgiresun Gazetesi,fındık don,0,1,0,0,0,0,0,,,,
2026-03-10 07:00:00,Giresun Öncü Gazetesi,Fındıkta eski günlere dönüş bekleniyor - Giresun Öncü Gazetesi,fındık don,0,0,0,0,0,0,0,,,,
2026-02-17 08:00:00,yildizhaber.com.tr,Giresun’da fındık üreticisine don uyarısı! Sigorta 3 Mart’ta bitiyor - yildizhaber.com.tr,fındık don,1,0,0,0,0,0,0,,,,
2026-03-04 08:00:00,Karadeniz Gazetesi,"Ordu Fatsada Kar Alarmı, Fındık Bahceleri Zirai Don Riskiyle Karsı Karsıya - Karadeniz Gazetesi",fındık don,1,0,0,0,0,0,0,,,,
2026-04-09 07:00:00,mersinhaber.com,"Giresun'da Fındık Üreticileri, Kokarca Zararlısından Kaygılı - mersinhaber.com",fındık don,0,0,0,0,0,0,0,,,,
2026-02-20 08:00:00,ankahaber.net,CHP’li Adıgüzel fiyatlara tepki için TMO önüne fındık döktü: “Ferrero’ya değnekçilik yapıyorlar” - ankahaber.net,fındık don,0,0,1,0,0,0,0,,,,
2026-04-07 07:51:00,orducu.com,Başta Fındık Olmak Üzere Tarım Ürünleri İçin Kritik Uyarı - orducu.com,fındık don,0,1,0,0,0,0,0,,,,
2026-03-04 08:00:00,mersinhaber.com,"Giresun'da Fındık İçin Don Riski Olmadığı Belirtildi, Uzmanlar Açıklama Yaptı - mersinhaber.com",fındık don,1,0,0,0,0,0,0,,,,
2026-03-05 08:00:00,Saray Medya,Kar yağışı fındık üreticilerini endişelendiriyor - Saray Medya,fındık don,0,0,0,0,0,0,0,,,,
2026-04-08 07:00:00,orducu.com,Ordu'ya Kritik Uyarı: Kuvvetli Yağış ve Zirai Don Geliyor! - orducu.com,fındık don,1,0,0,0,0,0,0,,,,
2025-12-31 08:00:00,Giresun Öncü Gazetesi,Fındık üreticilerine son destek de aktarıldı - Giresun Öncü Gazetesi,fındık don,0,0,0,0,0,0,0,,,,
2026-04-06 12:29:25,Giresun İleri Gazetesi,Giresun'da fındık fiyatlarında ibre yukarı döndü! - Giresun İleri Gazetesi,fındık don,0,0,1,0,0,0,0,,,,
2026-03-02 08:00:00,Düzce Damla Gazetesi,Mart ayı fındık fiyatları açıklandı! Ferrero'dan piyasa hamlesi! - Düzce Damla Gazetesi,fındık don,0,0,1,0,0,0,0,,,,
2026-03-07 08:00:00,ekotürk,Türkiye’nin 2026-2027 fındık rekoltesi için ilk tahmin açıklandı - ekotürk,fındık don,0,1,0,0,0,0,0,,,,
2025-12-31 08:00:00,Giresun İleri Gazetesi,12 Milyon Liralık Zirai Don Desteği Hesaplara Yattı - Giresun İleri Gazetesi,fındık don,1,0,0,0,0,0,0,,,,
2026-03-02 08:00:00,orducu.com,Ordu’da Zirai Don Alarmı: 5 Mart Gecesi Kritik - orducu.com,fındık don,1,0,0,0,0,0,0,,,,
2025-11-19 18:17:10,MSN,"Zirai don, Samsun’u fındık üretiminde zirveye taşıdı - MSN",fındık don,0,0,0,0,0,0,0,,,,
2026-02-02 08:00:00,Düzce Damla Gazetesi,Yeni fındık fiyatları açıklandı! Ferrero'dan sessiz hamle! - Düzce Damla Gazetesi,fındık don,0,0,1,0,0,0,0,,,,
2025-11-19 08:00:00,Gündem Artvin,"Zirai don, Samsun’u fındık üretiminde zirveye taşıdı - Gündem Artvin",fındık don,0,0,0,0,0,0,0,,,,
2025-12-08 08:00:00,Giresun Öncü Gazetesi,Amerika’dan Çin’e fındık üretme yarışına başladılar! - Giresun Öncü Gazetesi,fındık don,0,0,0,0,0,0,0,,,,
2026-01-08 08:00:00,Çağdaş Kocaeli Gazetesi,Fındık fiyatlarında ibre yukarı mı döndü? 8 Ocak 2026 serbest piyasada güncel fındık fiyatı - Çağdaş Kocaeli Gazetesi,fındık don,0,0,1,0,0,0,0,,,,
2025-11-19 08:00:00,Rizedeyiz,"Zirai Don, Samsun’u Fındık Üretiminde Zirveye Taşıdı - Rizedeyiz",fındık don,0,0,0,0,0,0,0,,,,
2025-11-17 08:00:00,DHA | Demirören Haber Ajansı,3'lü kıskaçtaki fındıkta düşük rekolteye rağmen hedef rekor ihracat - DHA | Demirören Haber Ajansı,fındık don,0,1,0,0,0,0,1,,,,
2025-11-19 08:00:00,Nefes Gazetesi,Samsun ilk kez Ordu'yu geçti - Nefes Gazetesi,fındık don,0,0,0,0,0,0,0,,,,
2025-10-20 07:00:00,tarimdunyasi.net,Zirai don desteği ödeniyor | Ali Ekber Yıldırım'ın Kaleminden | Tarım Haberleri - tarimdunyasi.net,fındık don,1,0,0,0,0,0,0,,,,
2025-09-23 07:00:00,Bigpara,"ZİRAİ DON ÖDEMELERİ TAKVİMİ SON DURUM EYLÜL 2025 || Zirai don desteği ne zaman yatacak, kimler yararlanacak? Zirai don ödemeleri hangi ürünleri kapsıyor? - Bigpara",fındık don,1,1,0,0,0,0,0,,,,
2025-10-09 07:00:00,Bigpara,"ZİRAİ DON ÖDEME TARİHİ 2025 EKİM || Zirai don ödemeleri ne zaman, yattı mı? Zirai don desteği verildi mi? Bakan Yumaklı duyurdu! - Bigpara",fındık don,1,0,0,0,0,0,0,,,,
2025-09-14 07:00:00,Giresun İleri Gazetesi,"Fındıkta Zirai Don Desteği Resmileşti: Kimler Yararlanacak, Ne Kadar Ödenecek? - Giresun İleri Gazetesi",fındık don,1,0,0,0,0,0,0,,,,
2025-09-16 07:00:00,Bigpara,"ZİRAİ DON DESTEĞİ ÖDEMELERİ SON DURUM EYLÜL 2025 || Zirai don desteği ne zaman yatacak, kimler yararlanacak? Zirai dondan etkilenen çiftçiler için destek... - Bigpara",fındık don,1,0,0,0,0,0,0,,,,
2025-07-15 07:00:00,Yeni Şafak,Zirai don desteği yapılacak iller hangileri? Tarsim zirai don destek ödemesi ne kadar? | Özgün Haberler - Yeni Şafak,fındık don,1,0,0,0,0,0,0,,,,
2025-09-22 07:00:00,Yeni Şafak,"Zirai don desteği ne kadar yatacak, kimler yararlanacak? Zirai don ödemeleri hangi ürünleri kapsıyor? - Yeni Şafak",fındık don,1,1,0,0,0,0,0,,,,
2025-10-21 07:00:00,orducu.com,ORDU'DA ZİRAİ DON DESTEK ÖDEMESİ NEDEN YOK? - orducu.com,fındık don,1,0,0,0,0,0,0,,,,
2025-08-06 14:07:08,Bianet,"Fındıkta zirai don rekolteyi vurdu, TMO Giresun kalite için alım fiyatını 200 TL olarak açıkladı - Bianet",fındık don,1,1,1,0,0,0,0,,,,
2025-10-21 07:00:00,Giresun Sonses,Giresun'da Zirai Don Destek Ödemeleri Başladı - Giresun Sonses,fındık don,1,0,0,0,0,0,0,,,,
2025-09-27 07:00:00,Yeni Şafak,ZİRAİ DON DESTEĞİ ÖDEME DETAYLARI 2025: Zirai don ödemeleri ne zaman yapılacak? - Yeni Şafak,fındık don,1,0,0,0,0,0,0,,,,
2025-10-11 07:00:00,Yeni Şafak,Çiftçiye müjde geldi! Ekim ayı zirai don ödemeleri ne zaman yatacak 2025? - Yeni Şafak,fındık don,1,0,0,0,0,0,0,,,,
2025-10-09 07:00:00,NTV Haber,"Tarım Bakanlığından açıklama: Zirai don desteği ne zaman, kimlere yatacak? - NTV Haber",fındık don,1,0,0,0,0,0,0,,,,
2025-09-14 07:00:00,Yeni Şafak,Zirai don ödemeleri ne zaman? Resmi Gazete’de yayımlandı: Zirai don için destek ödemesi ne kadar? | Özgün Haberler - Yeni Şafak,fındık don,1,0,0,0,0,0,0,,,,
2025-09-19 07:00:00,İlke Haber Ajansı,"Zirai don fındığı vurdu, kilosu bin 200 TL'ye dayandı - İlke Haber Ajansı",fındık don,1,0,0,0,0,0,0,,,,
2025-10-25 07:00:00,Evrensel.net,"Fındık üreticisini üçlü tehdit vurdu: Kuraklık, don ve kokarca - Evrensel.net",fındık don,1,0,0,0,0,0,0,,,,
2025-10-22 07:00:00,orducu.com,'ORDU'DA DON PARALARI BİR HAFTA İÇİNDE ÖDENECEK' - orducu.com,fındık don,1,0,0,0,0,0,0,,,,
2025-09-14 07:00:00,Sabah,‘Zirai don’ mağduru çiftçilere müjde: Resmi Gazete’de yayımlandı! Rakamlar belli oldu - Sabah,fındık don,0,0,0,0,0,0,0,,,,
2025-09-22 07:00:00,Yeni Şafak,"ZİRAİ DON DESTEĞİ ÖDEME GÜNLERİ: Zirai Don Destek Ödemeleri Ne Zaman, Hangi Tarihte Yapılacak? - Yeni Şafak",fındık don,1,0,0,0,0,0,0,,,,
2025-10-21 07:00:00,Giresun Öncü Gazetesi,Giresun’da zirai don destekleri ödeniyor! - Giresun Öncü Gazetesi,fındık don,1,0,0,0,0,0,0,,,,
2025-09-25 07:00:00,Yeni Şafak,"ZİRAİ DON DESTEĞİ ÖDEME TAKVİMİ: Zirai don ödemeleri ne zaman yapılacak, tarih açıklandı mı? - Yeni Şafak",fındık don,1,0,0,0,0,0,0,,,,
2025-09-14 07:00:00,orducu.com,FINDIK ÜRETİCİLERİNE DÖNÜM BAŞI 4 BİN 200 TL - orducu.com,fındık don,0,0,0,0,0,0,0,,,,
2025-07-24 07:00:00,Gazete Vatan,Zirai don bu ilimize yaradı! Fındık üretiminde ilk kez lider olacak - Son Dakika Samsun Haberleri - Gazete Vatan,fındık don,1,0,0,0,0,0,0,,,,
2025-05-08 07:00:00,Ordu İl Tarım ve Orman Müdürlüğü,DON AFETİ SONRASI FINDIK BAHÇELERİMİZE BAKIMI İHMAL ETMEYELİM - Ordu İl Tarım ve Orman Müdürlüğü,fındık don,1,0,0,0,0,0,0,,,,
2025-08-21 07:00:00,Hürriyet,"Bakan Yumaklı fındıktaki zirai dondan etkilenen çiftçilere seslendi: 2,3 milyar TL tazminat ödenecek - Hürriyet",fındık don,0,0,0,0,0,0,0,,,,
2025-11-01 07:00:00,orducu.com,ORDU'DA ÜRETİCİLERİN BEKLEDİĞİ DON PARALARI ÖDENDİ - orducu.com,fındık don,1,0,0,0,0,0,0,,,,
2025-04-18 07:00:00,BBC,"Zirai don hangi ürünleri nasıl etkiledi, çiftçiler ne yapacak? - BBC",fındık don,1,1,0,0,0,0,0,,,,
2025-11-04 08:00:00,BBC,Türkiye ve Nutella üreticisi arasında fındık anlaşmazlığı - BBC,fındık don,0,0,0,0,0,0,0,,,,
2025-09-25 07:00:00,A Haber,"2025 ZİRAİ DON DESTEĞİ: Zirai don ödemeleri ne zaman yatacak, kimler faydalanacak? Hangi ürünleri kapsıyor? - A Haber",fındık don,1,1,0,0,0,0,0,,,,
2025-04-19 07:00:00,Anadolu Ajansı,"Bakan Yumaklı, zirai dondan etkilenen 16 meyve türü için destek verileceğini bildirdi - Anadolu Ajansı",fındık don,0,0,0,0,0,0,0,,,,
2025-05-07 07:00:00,Türkiye Ziraat Odaları Birliği,Bayraktar: Yüksek rakımdaki fındık bahçelerinde zarar yüzde yüzler mertebesinde - Türkiye Ziraat Odaları Birliği,fındık don,0,0,0,0,0,0,0,,,,
2025-07-22 07:00:00,Giresun İleri Gazetesi,"Fındık üretiminde güç dengesi değişiyor: Zirai don, fındık üretiminde Karadeniz'in o kentini Türkiye... - Giresun İleri Gazetesi",fındık don,0,0,0,0,0,0,0,,,,
2025-04-24 07:00:00,Yeni Şafak,"ZİRAİ DON ZARARI ÖDEME TAKVİMİ: Zirai don ödemesi kimlere, ne kadar ödenecek? - Yeni Şafak",fındık don,1,0,0,0,0,0,0,,,,
2025-05-06 07:00:00,Ekonomi Gazetesi,"Zirai don vurdu, fındık fiyatı 80 TL arttı - Ekonomi Gazetesi",fındık don,1,0,1,0,0,0,0,,,,
2025-08-27 07:00:00,orducu.com,46 MİLYAR 500 MİLYON TL DON ZARARI ÖDENECEK - orducu.com,fındık don,1,0,0,0,0,0,0,,,,
2025-09-01 07:00:00,Giresun İleri Gazetesi,Giresun Fındık Araştırma Enstitüsü'nden Tarihi Proje: Don Dayanıklı Fındık Çeşitleri Yolda - Giresun İleri Gazetesi,fındık don,1,0,0,0,0,0,0,,,,
2025-04-17 07:00:00,NTV Haber,"Zirai don desteği ne kadar, kimlere verilecek? Zirai don vuran iller hangileri? - NTV Haber",fındık don,1,0,0,0,0,0,0,,,,
2025-08-17 07:00:00,T24,Fındıkta kahverengi kokarca ve zirai don rekolteyi düşürdü; Ulusal Fındık Konseyi'nden 2025 mahsülü için rekor beklenti! - T24,fındık don,1,1,0,0,0,0,0,,,,
2025-09-14 07:00:00,Ulusal Kanal,"Zirai don desteği ne zaman yatacak, kimler yararlanabilecek? - Ulusal Kanal",fındık don,1,0,0,0,0,0,0,,,,
2025-04-21 07:00:00,Bigpara,Zirai don desteği ne zaman yatacak? Bakan Yumaklı'dan zirai don ödemesi açıklaması - Bigpara,fındık don,1,0,0,0,0,0,0,,,,
2025-10-25 07:00:00,DHA | Demirören Haber Ajansı,Trabzon - Fındıkta üçlü zarar; 250 bin ton kayıp - DHA | Demirören Haber Ajansı,fındık don,0,0,0,0,0,0,0,,,,
2025-06-13 07:00:00,Anadolu Ajansı,"TBMM Komisyonu, Düzce ve Sakarya'da zirai dondan etkilenen bahçeleri inceledi - Anadolu Ajansı",fındık don,0,0,0,0,0,0,0,,,,
2025-06-25 07:00:00,Bigpara,Yeni sezondan önce TMO'dan fındık hamlesi - Bigpara,fındık don,0,0,0,0,0,0,0,,,,
2025-07-28 07:00:00,Kastamonu Gündem Gazetesi,Alaplı'da Fındık Hasat Tarihleri Belli Oldu - Kastamonu Gündem Gazetesi,fındık hasat,0,1,0,0,0,0,0,,,,
2025-07-28 07:00:00,Yeşilgiresun Gazetesi,Fındık Hasat Tarihleri Belli Olmaya Başladı - Yeşilgiresun Gazetesi,fındık hasat,0,1,0,0,0,0,0,,,,
2025-07-26 07:00:00,Anadolu Ajansı,Orta ve Doğu Karadenizli fındık üreticileri hasada hazırlanıyor - Anadolu Ajansı,fındık hasat,0,0,0,0,0,0,0,,,,
2025-07-29 07:00:00,Bigpara,Ordu'da fındık hasadı takvimi belli oldu: İşte tarihler - Bigpara,fındık hasat,0,0,0,0,0,0,0,,,,
2025-08-04 07:00:00,Giresun İleri Gazetesi,"Güce'de Fındık Hasat Festivali Coşkusu! Sanat, Kültür ve Dayanışma Bir Aradaydı - Giresun İleri Gazetesi",fındık hasat,0,1,0,0,0,0,0,,,,
2025-08-26 07:00:00,Anadolu Ajansı,Hasat döneminde çocuklarda nefes borusuna fındık kaçma riski artıyor - Anadolu Ajansı,fındık hasat,0,1,0,0,0,0,0,,,,
2026-03-17 07:00:00,Yeşilgiresun Gazetesi,"Fındık Üreticisine ""B-Reçete"" ve ""Sağlıklı Hasat"" Eğitimi - Yeşilgiresun Gazetesi",fındık hasat,0,1,0,0,0,0,0,,,,
2025-08-17 07:00:00,Bigpara,"Fındık hasadı başladı, tırpan ücretleri rekor kırdı - Bigpara",fındık hasat,0,0,0,0,0,0,0,,,,
2025-07-20 07:00:00,Giresun İleri Gazetesi,Güceliler Fındık Hasat Festivali'nde Buluşuyor - Giresun İleri Gazetesi,fındık hasat,0,1,0,0,0,0,0,,,,
2025-09-19 07:00:00,Türkiye Gazetesi,"""Fındık Erzincan'da da yetişir"" dediler, 1 ton hasat ettiler - Türkiye Gazetesi",fındık hasat,0,1,0,0,0,0,0,,,,
2026-03-31 02:30:18,GZT,Giresun'da fındık hasadı 🌱 - GZT,fındık hasat,0,0,0,0,0,0,0,,,,
2025-07-29 07:00:00,Ordu Büyükşehir Belediyesi,ORDU’DA FINDIK TOPLAMAYA REKOR BAŞVURU - Ordu Büyükşehir Belediyesi,fındık hasat,0,0,0,0,0,0,0,,,,
2026-04-10 07:00:00,Gıda Hattı,Fındık işçisinin yevmiyesi asgari 70 TL olacak - Gıda Hattı,fındık hasat,0,0,0,0,0,0,0,,,,
2025-07-30 07:00:00,Milliyet,Fındık hasadı 4 Ağustos’ta başlıyor - Milliyet,fındık hasat,0,0,0,0,0,0,0,,,,
2025-09-19 07:00:00,Giresun İleri Gazetesi,Karadeniz'e Rakip Geliyor... O Kentte Fındık Bahçesi Verim Rekoru Kırıyor! - Giresun İleri Gazetesi,fındık hasat,0,0,0,0,0,0,0,,,,
2025-07-29 07:00:00,Giresun Öncü Gazetesi,Giresun’da fındık toplama tarihleri açıklandı - Giresun Öncü Gazetesi,fındık hasat,0,0,0,0,0,0,0,,,,
2025-08-09 07:00:00,Ekonomi Dünya,Samsun'da fındık hasadı başladı - Ekonomi Dünya,fındık hasat,0,0,0,0,0,0,0,,,,
2025-08-27 07:00:00,Giresun İleri Gazetesi,148 fındık üreticisine hasat filesi desteği sağlandı (Foto Galeri) - Giresun İleri Gazetesi,fındık hasat,0,1,0,0,0,0,0,,,,
2026-02-28 08:00:00,Ünye Kent Gazetesi,"Ordu’da düğün takvimini ""fındık"" belirliyor - Ünye Kent Gazetesi",fındık hasat,0,0,0,0,0,0,0,,,,
2025-07-17 07:00:00,Bigpara,Fındık işçilerinin günlük yevmiyesi belli oldu - Bigpara,fındık hasat,0,0,0,0,0,0,0,,,,
2025-07-22 07:00:00,Bigpara,"Fındık fiyatları 2025 açıklandı mı? TMO fındık alım fiyatı ne zaman açıklanacak, 1 ton kabuklu fındık ne kadar, kaç TL? 2025 Yılı Levant ve Giresun kalite... - Bigpara",fındık hasat,0,0,1,0,0,0,0,,,,
2025-11-14 08:00:00,Halk 54,"Kuzuluk Şose Mahalle Muhtarı Ünlütürk: ""Fındık toplama bedellerini ödeyiniz” - Halk 54",fındık hasat,0,0,0,0,0,0,0,,,,
2025-08-25 07:00:00,NTV Haber,"Bölgenin en önemli geçim kaynağı: Hasat bitti, nöbet başladı - NTV Haber",fındık hasat,0,1,0,0,0,0,0,,,,
2025-08-06 07:00:00,Bloomberght,TMO fındıkta yüzde 37 rekolte kaybı öngörüyor - Bloomberght,fındık hasat,0,1,0,0,0,0,0,,,,
2025-08-03 07:00:00,Yeni Şafak,Trabzon ve Giresun'da fındık hasadına başlandı - Yeni Şafak,fındık hasat,0,0,0,0,0,0,0,,,,
2025-08-21 07:00:00,Bartın İnfo,Bartın’da Fındık Hasat Şenliği Düzenlendi - Bartın İnfo,fındık hasat,0,1,0,0,0,0,0,,,,
2025-08-26 07:00:00,Anadolu Ajansı,"Patozcu baba kız, fındık hasadı döneminde yoğun mesaide - Anadolu Ajansı",fındık hasat,0,0,0,0,0,0,0,,,,
2025-07-17 07:00:00,Giresun İleri Gazetesi,Ordu'da fındık toplama işçi ücretleri belirlendi: Fındıkta günlük yevmiye ne kadar? - Giresun İleri Gazetesi,fındık hasat,0,0,0,0,0,0,0,,,,
2025-08-04 07:00:00,DHA | Demirören Haber Ajansı,Ordu’da fındık hasadı başladı - DHA | Demirören Haber Ajansı,fındık hasat,0,0,0,0,0,0,0,,,,
2025-07-29 07:00:00,ekotürk,Fındıkta 2025 hasat takvimi açıklandı: İşte bölge bölge tarihler - ekotürk,fındık hasat,0,1,0,0,0,0,0,,,,
2025-08-03 07:00:00,NTV Haber,2025 fındık fiyatları belli oldu mu? Fındık fiyatlarında son durum - NTV Haber,fındık hasat,0,0,1,0,0,0,0,,,,
2025-07-25 07:00:00,Bigpara,"FINDIK FİYATLARI 2025 | Toprak Mahsulleri Ofisi (TMO) fındık fiyatları açıklandı mı, ne zaman açıklanacak? Fındık fiyatları ne kadar, kaç TL? İşte güncel... - Bigpara",fındık hasat,0,0,1,0,0,0,0,,,,
2025-07-26 07:00:00,CNN Türk,Karadeniz'de fındık hasadı öncesi son hazırlıklar tamamlanıyor - CNN Türk,fındık hasat,0,0,0,0,0,0,0,,,,
2025-07-01 07:00:00,Anadolu Ajansı,Ordu'da tahmini fındık rekoltesi tespit çalışmalarına başlandı - Anadolu Ajansı,fındık hasat,0,1,0,0,0,0,0,,,,
2025-07-31 07:00:00,Yeni Şafak,Fındık sezonu başladı: Ordu mevsimlik işçileri ağırlıyor - Yeni Şafak,fındık hasat,0,0,0,0,0,0,0,,,,
2025-08-03 07:00:00,ekotürk,Karadeniz’de fındık hasadı başladı: Üreticiler bahçelerde - ekotürk,fındık hasat,0,0,0,0,0,0,0,,,,
2025-09-20 07:00:00,Saray Medya,Düzce'de fındık hasat filesi hibe desteği çiftçileri sevindirdi - Saray Medya,fındık hasat,0,1,0,0,0,0,0,,,,
2025-07-21 07:00:00,Yeşilgiresun Gazetesi,Giresun'un O İlçesinde Fındık Hasadı Festivali Yapılacak - Yeşilgiresun Gazetesi,fındık hasat,0,0,0,0,0,0,0,,,,
2025-08-12 07:00:00,yildizhaber.com.tr,"Fındık hasadı başladı, yevmiyeler uçtu! - yildizhaber.com.tr",fındık hasat,0,0,0,0,0,0,0,,,,
2025-07-18 07:00:00,61SAAT,Ordu'da fındık toplama yevmiyesi belirlendi - 61SAAT,fındık hasat,0,0,0,0,0,0,0,,,,
2025-07-30 07:00:00,Ekonomim,Düzce'de fındık hasadında tarihler belli oldu - Ekonomim,fındık hasat,0,0,0,0,0,0,0,,,,
2025-08-09 07:00:00,İhlas Haber Ajansı,"Samsun’da fındık hasadı başladı: File yöntemi maliyeti düşürüyor, kaliteyi artırıyor - İhlas Haber Ajansı",fındık hasat,0,0,0,0,0,0,0,,,,
2025-08-11 07:00:00,akcaabatgazetesi.com.tr,"BAŞKAN GENÇ: “FINDIK YALNIZCA HASAT DEĞİL, YIL BOYU EMEK İSTER” - akcaabatgazetesi.com.tr",fındık hasat,0,1,0,0,0,0,0,,,,
2025-07-29 07:00:00,Mersin Haber Merkezi,Ordu’da fındık toplamaya rekor başvuru - Mersin Haber Merkezi,fındık hasat,0,0,0,0,0,0,0,,,,
2025-07-17 07:00:00,Yeşilgiresun Gazetesi,Fındık İçin Uyarı! - Yeşilgiresun Gazetesi,fındık hasat,0,0,0,0,0,0,0,,,,
2025-08-04 07:00:00,Giresun İleri Gazetesi,Fındık Hasadında Erken Toplama ve Yanlış Teknik Zararlı! Doğru Fındık Hasadıyla Randıman ve Kalite... - Giresun İleri Gazetesi,fındık hasat,0,0,0,0,0,0,0,,,,
2025-08-06 07:00:00,Giresun İleri Gazetesi,Fındık Hasadı Öncesi Kahverengi Kokarca Alarmı! Giresun'da İlaçlama Süreci Başladı - Giresun İleri Gazetesi,fındık hasat,0,0,0,0,0,0,0,,,,
2025-09-27 07:00:00,Akyazı Haber Akyazı'nın Bir Numaralı Haber Sitesi,Fındığı evde depoluyorlar; Beklentileri 500 lira - Akyazı Haber Akyazı'nın Bir Numaralı Haber Sitesi,fındık hasat,0,0,0,0,0,0,0,,,,
2025-08-04 07:00:00,Dünya Gazetesi,"Yeşil altında hasat başladı: Fındık alım fiyatı ne zaman açıklanacak, fiyatlar ne kadar olacak? - Dünya Gazetesi",fındık hasat,0,1,1,0,0,0,0,,,,
2025-08-25 07:00:00,Bartın Hergün Gazetesi,Protokol Fındık Topladı - Bartın Hergün Gazetesi,fındık hasat,0,0,0,0,0,0,0,,,,
2025-08-02 07:00:00,Giresun Öncü Gazetesi,Giresun'da fındık bahçeleri şenleniyor! - Giresun Öncü Gazetesi,fındık hasat,0,0,0,0,0,0,0,,,,
2025-08-13 07:00:00,Yeşilgiresun Gazetesi,Fındıkta Patoz Mesaisi Başladı: Saatlik Ücret Belli Oldu - Yeşilgiresun Gazetesi,fındık hasat,0,0,0,0,0,0,0,,,,
2025-09-26 07:00:00,Rizedeyiz,Fındık Üreticileri Mahsullerini Evde Depoluyor: Beklenti 500 Lira - Rizedeyiz,fındık hasat,0,0,0,0,0,0,0,,,,
2025-08-15 07:00:00,oncurtv.com,GÖLORMANI KÖYÜ’NDE FINDIK HASAT ŞENLİĞİ - oncurtv.com,fındık hasat,0,1,0,0,0,0,0,,,,
2025-08-04 07:00:00,Karadeniz'de Sonnokta Gazetesi,Sürmene'de Fındık Bahçesinde Ölü Bulunan Çift Toprağa Verildi - Karadeniz'de Sonnokta Gazetesi,fındık hasat,0,0,0,0,0,0,0,,,,
2025-07-28 07:00:00,Giresun İleri Gazetesi,Ordu'da taze fındık tezgahlarda: Kilosu kaç TL? - Giresun İleri Gazetesi,fındık hasat,0,0,0,0,0,0,0,,,,
2025-07-17 07:00:00,Ekonomi Dünya,Ordu'da fındıkta işçi yevmiyesi ve diğer ücretler açıklandı - Ekonomi Dünya,fındık hasat,0,0,0,0,0,0,0,,,,
2025-08-03 07:00:00,Yeniçağ Gazetesi,Giresun’un sahil kesimlerinde fındık hasadı başladı - Yeniçağ Gazetesi,fındık hasat,0,0,0,0,0,0,0,,,,
2025-08-03 07:00:00,Giresun İleri Gazetesi,"Giresun'da Fındık Bahçeleri Canlandı, Üreticiler Hasada Başladı - Giresun İleri Gazetesi",fındık hasat,0,0,0,0,0,0,0,,,,
2025-07-17 07:00:00,Yeşilgiresun Gazetesi,Son Dakika! Giresun'da Fındık Yevmiyesi Belli Oldu! - Yeşilgiresun Gazetesi,fındık hasat,0,0,0,0,0,0,0,,,,
2025-08-15 07:00:00,Giresun Öncü Gazetesi,Giresun’da vakumlu fındık toplama makinası testten geçti! - Giresun Öncü Gazetesi,fındık hasat,0,0,0,0,0,0,0,,,,
2025-07-17 07:00:00,ekovitrin.com,Ordu'da fındık toplama işçi ücreti bin 200 TL olarak belirlendi - ekovitrin.com,fındık hasat,0,0,0,0,0,0,0,,,,
2025-07-24 07:00:00,Giresun Öncü Gazetesi,Üretici köylü fındık fiyatını belirledi - Giresun Öncü Gazetesi,fındık hasat,0,0,1,0,0,0,0,,,,
2025-07-17 07:00:00,61SAAT,Trabzon'da fındık işçilerinin yevmiyeleri belli oldu! - 61SAAT,fındık hasat,0,0,0,0,0,0,0,,,,
2025-08-14 07:00:00,Giresun İleri Gazetesi,Fındıkta patoz mesaisi başladı - Giresun İleri Gazetesi,fındık hasat,0,0,0,0,0,0,0,,,,
2025-08-15 07:00:00,yildizhaber.com.tr,"Altın tozu değil, fındık! 5 saatte asgari ücret kazanıyorlar! - yildizhaber.com.tr",fındık hasat,0,0,0,0,0,0,0,,,,
2025-08-05 07:00:00,Ekonomist.com.tr,"Fındık fiyatları 2025 ne zaman açıklanacak? Fındık fiyatları ne kadar, kaç TL olacak? - Ekonomist.com.tr",fındık hasat,0,0,1,0,0,0,0,,,,
2025-07-18 07:00:00,Giresun Öncü Gazetesi,Fındık işçi yevmiyesi belli oldu - Giresun Öncü Gazetesi,fındık hasat,0,0,0,0,0,0,0,,,,
2025-07-31 07:00:00,webagron,Düzce’de Fındık Hasadı 9 Ağustos’ta Başlıyor - webagron,fındık hasat,0,0,0,0,0,0,0,,,,
2023-07-31 07:00:00,Anadolu Ajansı,Giresun'da fındık hasat tarihleri belirlendi - Anadolu Ajansı,fındık hasat,0,1,0,0,0,0,0,,,,
2025-08-05 07:00:00,NTV Haber,Sıcak havalar erken olgunlaştırdı: Hasat başladı - NTV Haber,fındık hasat,0,1,0,0,0,0,0,,,,
2025-08-27 07:00:00,akcaabatgazetesi.com.tr,Ordu'da 148 fındık üreticisine hasat filesi desteği sağlandı - akcaabatgazetesi.com.tr,fındık hasat,0,1,0,0,0,0,0,,,,
2024-08-08 07:00:00,Ordu İl Tarım ve Orman Müdürlüğü,ORDU’DA FINDIK HASADINDA FİLE SİSTEMİ KULLANIMI YAYGINLAŞIYOR - Ordu İl Tarım ve Orman Müdürlüğü,fındık hasat,0,0,0,0,0,0,0,,,,
2024-08-18 07:00:00,Anadolu Ajansı,"Fındık üreticileri ""hasat filesi"" ile maliyeti azaltıyor - Anadolu Ajansı",fındık hasat,0,1,0,0,0,0,0,,,,
2025-07-29 07:00:00,Ünye Gündem Haber,Ordu’da Fındık Toplamaya Rekor Başvuru - Ünye Gündem Haber,fındık hasat,0,0,0,0,0,0,0,,,,
2024-08-05 07:00:00,Anadolu Ajansı,Fındık üreticilerine zamanında hasat yapılması uyarısı - Anadolu Ajansı,fındık hasat,0,1,0,0,0,0,0,,,,
2024-08-15 07:00:00,Anadolu Ajansı,Fındık üreticileri yerden hasat yöntemiyle maliyet ve zamandan tasarruf ediyor - Anadolu Ajansı,fındık hasat,0,1,0,0,0,0,0,,,,
2025-08-26 07:00:00,Giresun Öncü Gazetesi,Çocuklarda nefes borusuna fındık kaçma riski artıyor - Giresun Öncü Gazetesi,fındık hasat,0,0,0,0,0,0,0,,,,
2025-09-26 07:00:00,Marmaris Yeni Sayfa,Fındık üreticileri mahsullerini evde depoluyor: Beklenti 500 lira - Marmaris Yeni Sayfa,fındık hasat,0,0,0,0,0,0,0,,,,
2024-08-16 07:00:00,Anadolu Ajansı,Kocaeli'de mevsimlik tarım işçilerinin fındık mesaisi başladı - Anadolu Ajansı,fındık hasat,0,0,0,0,0,0,0,,,,
2023-08-22 07:00:00,Anadolu Ajansı,Tarım arazilerinin yüzde 85'inde fındık ekili Düzce'de hasat sürüyor - Anadolu Ajansı,fındık hasat,0,1,0,0,0,0,0,,,,
2024-07-31 07:00:00,Anadolu Ajansı,Ordu'da file örtü serilerek yapılan fındık hasadı yaygınlaşmaya başladı - Anadolu Ajansı,fındık hasat,0,0,0,0,0,0,0,,,,
2025-05-20 07:00:00,Giresun Öncü Gazetesi,Giresun’da fındık işçiliğinde yeni dönem - Giresun Öncü Gazetesi,fındık hasat,0,0,0,0,0,0,0,,,,
2024-08-09 07:00:00,Anadolu Ajansı,"Fındık hasadında işçilik maliyetinden tasarruf sağlamak için ""file örtü"" serildi - Anadolu Ajansı",fındık hasat,0,0,0,0,0,0,0,,,,
2022-07-28 07:00:00,Anadolu Ajansı,Orta ve Doğu Karadeniz'de fındık üreticileri hasada hazırlanıyor - Anadolu Ajansı,fındık hasat,0,0,0,0,0,0,0,,,,
2022-07-29 07:00:00,TRT Haber,Giresun'da fındık hasat tarihleri belirlendi - TRT Haber,fındık hasat,0,1,0,0,0,0,0,,,,
2024-07-26 07:00:00,Yeni Şafak,"Giresun, Ordu ve Trabzon’da fındık hasadı başlıyor: Tarih netleşti - Yeni Şafak",fındık hasat,0,0,0,0,0,0,0,,,,
2024-07-25 07:00:00,Anadolu Ajansı,"Üreticilere hasat öncesi ""fındığı daldan değil yerden toplayın"" tavsiyesi - Anadolu Ajansı",fındık hasat,0,1,0,0,0,0,0,,,,
2024-07-17 07:00:00,Karadeniz'de Sonnokta Gazetesi,Ordu'da fındık üreticilerine erken hasat uyarısı - Karadeniz'de Sonnokta Gazetesi,fındık hasat,0,1,0,0,0,0,0,,,,
2025-12-02 08:00:00,Yeşilgiresun Gazetesi,FİSKOBİRLİK Fındık Alım Fiyatını Revize Etti! - Yeşilgiresun Gazetesi,fiskobirlik,0,0,1,0,0,0,0,,,,
2025-11-04 08:00:00,Yeşilgiresun Gazetesi,FİSKOBİRLİK Fındık Alım Fiyatını Güncelledi! - Yeşilgiresun Gazetesi,fiskobirlik,0,0,1,0,0,0,0,,,,
2025-10-10 07:00:00,Yeşilgiresun Gazetesi,"FİSKOBİRLİK, Üst Üste 2 Gün Fındık Fiyatında Değişikliğe Gitti - Yeşilgiresun Gazetesi",fiskobirlik,0,0,1,0,0,0,0,,,,
2025-09-23 07:00:00,Yeşilgiresun Gazetesi,Fındık 400 Liraya İlerliyor! FİSKOBİRLİK Fındık Alım Fiyatını Artırdı - Yeşilgiresun Gazetesi,fiskobirlik,0,0,1,0,0,0,0,,,,
2025-09-09 07:00:00,Yeşilgiresun Gazetesi,Serbest Piyasa ve FİSKOBİRLİK'te Fiyatlar Hareketlendi - Yeşilgiresun Gazetesi,fiskobirlik,0,0,1,0,0,0,0,,,,
2025-09-12 07:00:00,Yeşilgiresun Gazetesi,Fındık Serbest Piyasada 350 Lirayı Gördü: FİSKOBİRLİK Tekrar Fiyat Artırdı - Yeşilgiresun Gazetesi,fiskobirlik,0,0,1,0,0,0,0,,,,
2026-03-23 07:00:00,Yeşilgiresun Gazetesi,Fındıkta Büyük Düşüş! - Yeşilgiresun Gazetesi,fiskobirlik,0,0,0,0,0,0,0,,,,
2025-12-20 08:00:00,Yeşilgiresun Gazetesi,Fındıkta Fiskobirlik Fiyatları Yukarı Çekti! İşte 50 Randıman İçin Yeni Rakam - Yeşilgiresun Gazetesi,fiskobirlik,0,0,1,1,0,0,0,,,,
2026-01-30 08:00:00,Ünye Kent Gazetesi,FİSKOBİRLİK fındık fiyatlarını bir günde yeniden düşürdü - Ünye Kent Gazetesi,fiskobirlik,0,0,1,0,0,0,0,,,,
2025-10-09 07:00:00,Yeşilgiresun Gazetesi,FİSKOBİRLİK Fındık Fiyatını Revize Etti! - Yeşilgiresun Gazetesi,fiskobirlik,0,0,1,0,0,0,0,,,,
2025-12-28 08:00:00,birgun.net,FİSKOBİRLİK’te zarar 15 milyar lira - birgun.net,fiskobirlik,0,0,0,0,0,0,0,,,,
2025-08-05 07:00:00,Yeşilgiresun Gazetesi,FİSKOBİRLİK Fındık Alım Fiyatını Açıkladı: 15₺ Fark Var - Yeşilgiresun Gazetesi,fiskobirlik,0,0,1,0,0,0,0,,,,
2026-01-18 08:00:00,ankahaber.net,"FİSKOBİRLİK Başkanı Bayraktar'dan faiz açıklaması: ""Fındıktan nihai mamul yapmak istiyorsan bunun bir bedeli var"" - ankahaber.net",fiskobirlik,0,0,0,0,0,0,0,,,,
2026-01-06 08:00:00,ankahaber.net,"CHP'li Adıgüzel: ""Lütfü Bayraktar derhal FİSKOBİRLİK'in yakasından düşmelidir"" - ankahaber.net",fiskobirlik,0,0,0,0,0,0,0,,,,
2026-01-17 08:00:00,T24,FİSKOBİRLİK Olağan Mali Genel Kurulu Giresun'da yapıldı - T24,fiskobirlik,0,0,0,0,0,0,0,,,,
2025-10-21 07:00:00,Yeşilgiresun Gazetesi,Fındık Fiyatı Düşüyor! FİSKOBİRLİK ve Tüccar'da Son Durum? - Yeşilgiresun Gazetesi,fiskobirlik,0,0,1,0,0,0,0,,,,
2025-08-05 07:00:00,Yeşilgiresun Gazetesi,Fındık Fiyatı İçin İlk İşaret FİSKOBİRLİK'ten Geldi - Yeşilgiresun Gazetesi,fiskobirlik,0,0,1,0,0,0,0,,,,
2025-08-26 07:00:00,yildizhaber.com.tr,FİSKOBİRLİK Fındık Alım Fiyatını 15 lira Daha Arttırdı - yildizhaber.com.tr,fiskobirlik,0,0,1,0,0,0,0,,,,
2026-04-07 07:00:00,Gıda Hattı,Fiskobirlik ürünleri nelerdir? Fiskobirlik ürünleri nerede satılır? - Gıda Hattı,fiskobirlik,0,1,0,0,0,0,0,,,,
2026-04-03 07:00:00,Son Dakika,Fiskobirlik'in Fındık Fiyatları Eleştirildi - Son Dakika,fiskobirlik,0,0,1,0,0,0,0,,,,
2025-12-27 08:00:00,Sözcü Gazetesi,CHP’li Adıgüzel’den FİSKOBİRLİK çıkışı: 15 milyar liralık zarar var - Sözcü Gazetesi,fiskobirlik,0,0,0,0,0,0,0,,,,
2025-12-04 08:00:00,Ünye Kent Gazetesi,Fiskobirlik fındık fiyatlarını yeniden düşürdü - Ünye Kent Gazetesi,fiskobirlik,0,0,1,0,0,0,0,,,,
2026-01-18 08:00:00,Ekonomi Gazetesi,FİSKOBİRLİK Başkanı Bayraktar: 2025'te 800 milyon liranın üzerinde faiz ödedik - Ekonomi Gazetesi,fiskobirlik,0,0,0,0,0,0,0,,,,
2025-12-24 08:00:00,Yeşilgiresun Gazetesi,Eski İlçe Belediye Başkanından FİSKOBİRLİK ile İlgili Dikkat Çeken Açıklama: “Umarım Yanılıyorumdur!” - Yeşilgiresun Gazetesi,fiskobirlik,0,0,0,0,0,0,0,,,,
2026-01-08 08:00:00,Yeşilgiresun Gazetesi,Fındık Fiyatında Çift Haneli Artış! - Yeşilgiresun Gazetesi,fiskobirlik,0,0,1,0,0,0,0,,,,
2025-11-18 08:00:00,Mynet Finans,45 yıldır üretimdeydi! Fiskobirlik o marka için istedi: Dev gıda şirketi iflasın eşiğine gelince... - Finans haberlerinin doğru adresi - Mynet Finans Haber - Mynet Finans,fiskobirlik,0,0,0,0,0,0,0,,,,
2026-02-10 08:00:00,Düzce Damla Gazetesi,Fiskobirlik fiyat yükseltti! İşte güncel fiyatlar! - Düzce Damla Gazetesi,fiskobirlik,0,0,1,1,0,0,0,,,,
2025-12-04 08:00:00,ankahaber.net,"Giresun Ziraat Odası Başkanı Karan’dan, FİSKOBİRLİK Başkanı Bayraktar'a tepki: “Üreticinin değil, tekelci firmanın çıkarlarını savunuyor"" - ankahaber.net",fiskobirlik,0,0,0,0,0,0,0,,,,
2025-11-28 08:00:00,Alparslan Diyarı,Fiskobirlik'ten Giresun'a dev yatırım: 17 milyon dolarlık fındık tesisi hayata geçiyor - Alparslan Diyarı,fiskobirlik,0,0,0,0,0,0,0,,,,
2025-12-03 08:00:00,Giresun Öncü Gazetesi,Fiskobirlik başkanı fındık üreticisini panik havasına sokuyor - Giresun Öncü Gazetesi,fiskobirlik,0,0,0,0,0,0,0,,,,
2025-12-25 08:00:00,Düzce Damla Gazetesi,Yeni fındık fiyatları açıklandı! Fiskobirlik zam yaptı! - Düzce Damla Gazetesi,fiskobirlik,0,0,1,0,0,0,0,,,,
2025-09-07 07:00:00,Giresun İleri Gazetesi,"FİSKOBİRLİK, Giresun Kalite Fındık Fiyatlarını Açıkladı! Fındık Alım Fiyatları Ne Kadar? - Giresun İleri Gazetesi",fiskobirlik,0,0,1,0,0,0,0,,,,
2026-02-09 08:00:00,Düzce Damla Gazetesi,Fiskobirlik'ten fındığa büyük darbe! Yeni fiyatı şoke etti! - Düzce Damla Gazetesi,fiskobirlik,0,0,1,0,0,0,0,,,,
2025-12-16 08:00:00,Evrensel.net,"TBMM Genel Kurulu’nda 'çift maaş' tartışması: Fiskobirlik Yönetim Kurulu Başkanı Bayraktar, tam maaş almadığını savundu - Evrensel.net",fiskobirlik,0,0,0,0,0,0,0,,,,
2026-01-18 08:00:00,Odatv,FİSKOBİRLİK'in 2025'te 800 milyon lirası faize gitti - Odatv,fiskobirlik,0,0,0,0,0,0,0,,,,
2026-01-01 08:00:00,Ünye Kent Gazetesi,FİSKOBİRLİK yeni yıla zamla başladı; fındık alım fiyatları yükseldi - Ünye Kent Gazetesi,fiskobirlik,0,0,1,0,0,0,0,,,,
2026-02-26 08:00:00,Düzce Damla Gazetesi,Yeni fındık fiyatları açıklandı! Fiskobirlik fiyat yükseltti! - Düzce Damla Gazetesi,fiskobirlik,0,0,1,1,0,0,0,,,,
2026-01-22 08:00:00,Giresun İleri Gazetesi,KAMUOYU SORUYOR: FİSKOBİRLİK ARAZİSİ KARŞILIĞINDA NE ALINDI? - Giresun İleri Gazetesi,fiskobirlik,0,0,0,0,0,0,0,,,,
2026-04-08 07:00:00,Gıda Hattı,Fiskobirlik online satış mağazası - Fiskobirlik ürünleri nasıl alınır? - Gıda Hattı,fiskobirlik,0,1,0,0,0,0,0,,,,
2025-12-10 08:00:00,Alparslan Diyarı,Fındık üreticisini şoke eden düşüş: FİSKOBİRLİK fiyatları bir haftada 20 lira aşağı çekti - Alparslan Diyarı,fiskobirlik,0,0,1,0,0,0,0,,,,
2026-02-21 08:00:00,NetGaste,21 Şubat 2026 Fındık Fiyatları: 5 İl Serbest Piyasa ve TMO/FİSKOBİRLİK Analizi - NetGaste,fiskobirlik,0,0,1,0,0,0,0,,,,
2025-10-09 07:00:00,yildizhaber.com.tr,FİSKOBİRLİK Giresun Kalite Fındık Fiyatlarını Güncelledi! - yildizhaber.com.tr,fiskobirlik,0,0,1,0,0,0,0,,,,
2025-12-16 11:34:57,ankahaber.net,"2026 bütçesi TBMM Genel Kurulu'nda... AK Partili Fiskobirlik Başkanı Bayraktar'dan ""çift maaş"" savunması: ""Oraya bileğimin hakkıyla seçilerek geliyorum"" - ankahaber.net",fiskobirlik,0,0,0,0,0,0,0,,,,
2025-08-28 07:00:00,yildizhaber.com.tr,Fiskobirlik fındık alım fiyatlarını arttırmaya devam ediyor - yildizhaber.com.tr,fiskobirlik,0,0,1,0,0,0,0,,,,
2025-12-27 08:00:00,Demokrat Haber,CHP'li Adıgüzel'den FİSKOBİRLİK Başkanı Bayraktar'a: 'Fındık fiyatlarının düşürülmesi için kimden talimat aldın?' - Demokrat Haber,fiskobirlik,0,0,1,0,0,0,0,,,,
2026-01-15 08:00:00,Yeşilgiresun Gazetesi,"“FİSKOBİRLİK Borçla, Faizle ve Arsa Satarak Yönetilemez” - Yeşilgiresun Gazetesi",fiskobirlik,0,0,0,0,0,0,0,,,,
2026-01-19 08:00:00,Giresun Öncü Gazetesi,Fiskobirlik Başkanı Bayraktar'dan ilginç çıkış! - Giresun Öncü Gazetesi,fiskobirlik,0,0,0,0,0,0,0,,,,
2025-12-16 08:00:00,Cumhuriyet,Yurttaş açlık sınırında yaşam kavgası verirken... AKP'li Fiskobirlik Başkanı Bayraktar'dan 'çift maaş' savunması - Cumhuriyet,fiskobirlik,0,0,0,0,0,0,0,,,,
2026-02-24 08:00:00,Fatsa Gazetesi,FİSKOBİRLİK FİYATI GERİ ÇEKTİ! - Fatsa Gazetesi,fiskobirlik,0,0,0,0,0,0,0,,,,
2025-08-22 07:00:00,Yeşilgiresun Gazetesi,FİSKOBİRLİK Fındık Alım Fiyatını Peş Peşe Artırdı! - Yeşilgiresun Gazetesi,fiskobirlik,0,0,1,0,0,0,0,,,,
2026-01-29 08:00:00,Ünye Kent Gazetesi,Karan’dan FİSKOBİRLİK yönetimine sert eleştiri - Ünye Kent Gazetesi,fiskobirlik,0,0,0,0,0,0,0,,,,
2026-04-09 07:00:00,Bizim Sakarya Gazetesi,"Fındık Üreticisi Kan Ağlıyor: Fiyatlar Çakıldı, Fiskobirlik Eleştirilerin Odağında! - Bizim Sakarya Gazetesi",fiskobirlik,0,0,1,0,0,0,0,,,,
2025-07-09 07:00:00,Yeşilgiresun Gazetesi,FİSKOBİRLİK Fındık Alım Fiyatını Güncelledi - Yeşilgiresun Gazetesi,fiskobirlik,0,0,1,0,0,0,0,,,,
2026-04-06 07:00:00,Ünye Kent Gazetesi,Fiskobirlik’ten CHP’li Adıgüzel’e fındık çıkışı! - Ünye Kent Gazetesi,fiskobirlik,0,0,0,0,0,0,0,,,,
2026-01-17 08:00:00,Akyazı Haber Akyazı'nın Bir Numaralı Haber Sitesi,FİSKOBİRLİK Başkanı Bayraktar'dan faiz açıklaması - Akyazı Haber Akyazı'nın Bir Numaralı Haber Sitesi,fiskobirlik,0,0,0,0,0,0,0,,,,
2025-12-24 08:00:00,Ünye Gündem Haber,Yok Olup Giden Bir Cumhuriyet Mirası: Fiskobirlik Neden Yalnız Bırakıldı? - Ünye Gündem Haber,fiskobirlik,0,0,0,0,0,0,0,,,,
2026-04-01 07:00:00,Ünye Kent Gazetesi,“FİSKOBİRLİK piyasa koşullarına göre hareket ediyor” - Ünye Kent Gazetesi,fiskobirlik,0,0,1,0,0,0,0,,,,
2026-01-19 08:00:00,Ünye Kent Gazetesi,FİSKOBİRLİK 2025’te 800 Milyon Liranın üzerinde faiz ödendi - Ünye Kent Gazetesi,fiskobirlik,0,0,0,0,0,0,0,,,,
2025-12-24 08:00:00,Giresun Öncü Gazetesi,"Fiskobirlik Başkanı Bayraktar, gözü Eynesil’e mi dikti? - Giresun Öncü Gazetesi",fiskobirlik,0,0,0,0,0,0,0,,,,
2025-09-27 07:00:00,Yeşilgiresun Gazetesi,Fındık Piyasasında Sert Düşüş: FİSKOBİRLİK ve Serbest Piyasa Fiyatları Üreticiyi Üzdü! - Yeşilgiresun Gazetesi,fiskobirlik,0,0,1,0,0,0,0,,,,
2025-08-18 07:00:00,Giresun İleri Gazetesi,FİSKOBİRLİK Giresun Kalite Fındık Alım Fiyatlarını Açıkladı! Fındık Alım Fiyatları Ne Kadar? - Giresun İleri Gazetesi,fiskobirlik,0,0,1,0,0,0,0,,,,
2025-12-17 08:00:00,Yeniçağ Gazetesi,Adıgüzel'den Meclis’te Bayraktar’a Fiskobirlik cevabı - Yeniçağ Gazetesi,fiskobirlik,0,0,0,0,0,0,0,,,,
2026-03-24 07:00:00,Ünye Kent Gazetesi,Fiskobirlik fındık alım fiyatlarını güncelledi - Ünye Kent Gazetesi,fiskobirlik,0,0,1,0,0,0,0,,,,
2025-08-23 07:00:00,yildizhaber.com.tr,Fiskobirlik 4 Günde 3 Kez Fındık Fiyatı Artırdı - yildizhaber.com.tr,fiskobirlik,0,0,1,0,0,0,0,,,,
2026-01-28 08:00:00,Ünye Kent Gazetesi,Fiskobirlik’ten fındık alım fiyatlarında düşüş - Ünye Kent Gazetesi,fiskobirlik,0,0,1,0,0,0,0,,,,
2026-01-19 08:00:00,Yeşilgiresun Gazetesi,“FİSKOBİRLİK Kimsenin Şahsi Mülkü Değildir!” - Yeşilgiresun Gazetesi,fiskobirlik,0,0,0,0,0,0,0,,,,
2026-04-04 07:00:00,Ünye Kent Gazetesi,"CHP’li Adıgüzel’den FİSKOBİRLİK’e ""esnaflık"" suçlaması! - Ünye Kent Gazetesi",fiskobirlik,0,0,0,0,0,0,0,,,,
2026-01-16 08:00:00,orducu.com,Ordu'da Fındık Fiyatına Bir Darbe de Fiskobirlik'ten! - orducu.com,fiskobirlik,0,0,1,0,0,0,0,,,,
2025-12-10 08:00:00,Yeniçağ Gazetesi,CHP'li vekilden Fiskobirlik'e suçlama - Yeniçağ Gazetesi,fiskobirlik,0,0,0,0,0,0,0,,,,
2026-01-02 08:00:00,orducu.com,Fiskobirlik'te Fındık Fiyatı 10 Lira Yükseldi! - orducu.com,fiskobirlik,0,0,1,0,0,0,0,,,,
2025-12-16 08:00:00,T24,"AKP milletvekili ve Fiskobirlik Başkanı Bayraktar'dan ""çift maaş"" savunması: Oraya bileğimin hakkıyla seçilerek geliyorum - T24",fiskobirlik,0,0,0,0,0,0,0,,,,
2026-01-15 08:00:00,Son Dakika,FİSKOBİRLİK'te Borç Alarmı! - Son Dakika,fiskobirlik,0,0,0,0,0,0,0,,,,
2026-01-08 08:00:00,Ünye Kent Gazetesi,CHP’li Adıgüzel’den FİSKOBİRLİK iddiaları! - Ünye Kent Gazetesi,fiskobirlik,0,0,0,0,0,0,0,,,,
2026-01-26 08:00:00,Düzce Damla Gazetesi,Fiskobirlik fiyatı geriye çekti! Fındıkta sert düşüş! - Düzce Damla Gazetesi,fiskobirlik,0,0,1,1,0,0,0,,,,
2026-01-09 08:00:00,Yeşilgiresun Gazetesi,FİSKOBİRLİK Arazisinin Planında Değişiklik Yapıldı: Revizyon İmar Planı Meclisten Geçti - Yeşilgiresun Gazetesi,fiskobirlik,0,0,0,0,0,0,0,,,,
2025-10-14 07:00:00,Fatsa Gazetesi,FİSKOBİRLİK FİYATLARI YENİDEN YÜKSELTTİ - Fatsa Gazetesi,fiskobirlik,0,0,0,0,0,0,0,,,,
2025-08-05 07:00:00,ekotürk,FİSKOBİRLİK fındık alımına 11 Ağustos’ta başlıyor - ekotürk,fiskobirlik,0,0,0,0,0,0,0,,,,
2026-02-16 08:00:00,yildizhaber.com.tr,Bulancak’ta FİSKOBİRLİK “Fisko Market” Yenilendi! Yeni Konseptle 17 Şubat’ta Açılıyor - yildizhaber.com.tr,fiskobirlik,0,0,0,0,0,0,0,,,,
2025-05-26 07:00:00,Nefes Gazetesi,Fiskobirlik borç batağına saplandı - Nefes Gazetesi,fiskobirlik,0,0,0,0,0,0,0,,,,
2025-12-23 08:00:00,Ünye Kent Gazetesi,Fiskobirlik’ten 50 randıman fındık 265 TL - Ünye Kent Gazetesi,fiskobirlik,0,0,0,0,0,0,0,,,,
2025-05-27 07:00:00,Yeşilgiresun Gazetesi,FİSKOBİRLİK Fındık Fiyatını Artırdı - Yeşilgiresun Gazetesi,fiskobirlik,0,0,1,0,0,0,0,,,,
2025-08-04 07:00:00,Dünya Gazetesi,FİSKOBİRLİK fındık alımına 11 Ağustos'ta başlayacak - Dünya Gazetesi,fiskobirlik,0,0,0,0,0,0,0,,,,
2026-03-13 07:00:00,Medya Detay,Neşat SAZOĞLU: Fındık rekoltesi tahminine kimse inanmıyor! - Medya Detay,findik rekolte,0,1,0,0,0,0,0,,,,
2026-03-11 07:00:00,Samsun Canlı Haber,Samsun'da fındık rekoltesi için şok iddia: “Bu rakam gerçeği yansıtmıyor!” - Samsun Canlı Haber,findik rekolte,0,1,0,0,0,0,0,,,,
2025-07-23 07:00:00,Milliyet,Trabzon fındık rekolte çalışması tamamlandı - Son Haberler - Milliyet,findik rekolte,0,1,0,0,0,0,0,,,,
2026-03-22 07:00:00,Yeşilgiresun Gazetesi,‘Yaprak Açmamış’ Fındık Düşüyor! 829 Bin Tonluk Tahmin Gerçek Dışı - Yeşilgiresun Gazetesi,findik rekolte,0,0,0,0,0,0,0,,,,
2025-07-19 07:00:00,Yeşilgiresun Gazetesi,Fındıkta Rekolte Dibe Vurdu! - Yeşilgiresun Gazetesi,findik rekolte,0,1,0,0,0,0,0,,,,
2026-03-09 07:00:00,Yeşilgiresun Gazetesi,Fındıkta İlk Rekolte Tahmini İhracatçı Birliklerinden Geldi - Yeşilgiresun Gazetesi,findik rekolte,0,1,0,0,0,0,0,,,,
2026-03-11 07:00:00,Yeşilgiresun Gazetesi,"""Bu Bir Rekolte Tahmini Değil, Fiyat Düşürme Oyunudur!"" - Yeşilgiresun Gazetesi",findik rekolte,0,1,1,0,0,0,0,,,,
2025-07-23 07:00:00,Karasu Haberleri,Fındık rekolte tahminleri ve yevmiye fiyatları açıklandı - Karasu Haberleri,findik rekolte,0,1,1,0,0,0,0,,,,
2025-11-05 08:00:00,soL Haber,Ferrero'nun fındık restinin perde arkası: 'Şili’ye doğru giderken bu işbirlikçilerini de yanlarına alsınlar' - soL Haber,findik rekolte,0,0,0,0,0,0,0,,,,
2025-12-08 08:00:00,Evrensel.net,EMEP'ten fındık açıklaması: Gıda şirketleri kazanırken üretici yine mağdur edildi - Evrensel.net,findik rekolte,0,0,0,0,0,0,0,,,,
2025-07-18 07:00:00,Sakarya Yenigün Gazetesi,2025 yılı fındık rekolte tahmini çalışmaları tamamlandı - Sakarya Yenigün Gazetesi,findik rekolte,0,1,0,0,0,0,0,,,,
2026-01-08 08:00:00,Dünya Gazetesi,Fındık ihracatındaki yüzde 50'lik düşüş rekolte kaybından kaynaklanıyor - Dünya Gazetesi,findik rekolte,0,1,0,0,0,0,1,,,,
2026-03-31 07:00:00,İhlas Haber Ajansı,Düşmeye devam eden fındık fiyatını yeni sezon rekoltesi belirleyecek - İhlas Haber Ajansı,findik rekolte,0,1,1,0,0,0,0,,,,
2025-11-07 08:00:00,Bigpara,Ferrero’ya ‘rekolte’ istisnası - Bigpara,findik rekolte,0,1,0,0,0,0,0,,,,
2026-03-08 08:00:00,Kocaeli TV,Fındıkta Mart Hareketliliği: Türkiye’nin Fındık Rekoltesi Ne Kadar Olacak? - Kocaeli TV,findik rekolte,0,1,0,0,0,0,0,,,,
2026-03-16 07:00:00,Yeşilgiresun Gazetesi,"""Fındıkta Rekolte Tartışması Algı Operasyonudur!"" - Yeşilgiresun Gazetesi",findik rekolte,0,1,0,0,0,0,0,,,,
2026-03-12 07:00:00,Ünye Kent Gazetesi,"Naci Şanlıtürk'ten ""rekolte oyunu"" tepkisi! - Ünye Kent Gazetesi",findik rekolte,0,1,0,0,0,0,0,,,,
2025-10-26 07:00:00,Odatv,Fındıkta dev kayıp; 250 bin ton rekolte tehlikede - Odatv,findik rekolte,0,1,0,0,0,0,0,,,,
2025-07-18 07:00:00,ekotürk,2025 fındık üretimi için kötü haber: Rekolte sert düşecek - ekotürk,findik rekolte,0,1,0,0,0,0,0,,,,
2025-07-21 07:00:00,Dünya Gazetesi,Türkiye’nin fındık rekoltesi alarm veriyor! Yüzde 50'ye varan kayıp yaşanabilir - Dünya Gazetesi,findik rekolte,0,1,0,0,0,0,0,,,,
2025-08-29 07:00:00,Ekonomim,Gerçek rekolte fındık çuvala girince çıkacak - Ekonomim,findik rekolte,0,1,0,0,0,0,0,,,,
2026-01-15 08:00:00,NetGaste,"Sakarya’da 2025 Fındık Sezonu Alarmı: Rekolte, Pazar ve İhracatta Sert Düşüş - NetGaste",findik rekolte,0,1,0,0,0,0,0,,,,
2025-07-22 07:00:00,Yeşilgiresun Gazetesi,Ordu'da Yapılan Fındık Rekoltesi Sonucu Açıklandı: Oran %70 - Yeşilgiresun Gazetesi,findik rekolte,0,1,0,0,0,0,0,,,,
2026-01-15 08:00:00,Medya Detay,Başkan Genç 2025 yılı fındık sezonunu değerlendirdi - Medya Detay,findik rekolte,0,0,0,0,0,0,0,,,,
2025-07-29 07:00:00,Milliyet,Üretici yeni sezonda 400 bin ton fındık bekliyor! Fiyat 250 TL olur mu? - Milliyet,findik rekolte,0,0,1,0,0,0,0,,,,
2025-07-22 07:00:00,webagron,Ordu’da Fındık Rekoltesi Yüzde 70 Azaldı - webagron,findik rekolte,0,1,0,0,0,0,0,,,,
2025-10-15 07:00:00,Milliyet,Fındıkta rekolte artıracak çalışma - Milliyet,findik rekolte,0,1,0,0,0,1,0,,,,
2025-07-18 07:00:00,ekovitrin.com,Samsun’un 2025 Fındık Rekoltesi Açıklandı: Çarşamba Yine Zirvede - ekovitrin.com,findik rekolte,0,1,0,0,0,0,0,,,,
2026-01-08 08:00:00,Saray Medya,Fındık ihracatındaki düşüş rekolte kaybı ile açıklanıyor - Saray Medya,findik rekolte,0,1,0,0,0,0,1,,,,
2025-07-18 07:00:00,Giresun İleri Gazetesi,Samsun'da fındık rekoltesi tahmini belli oldu - Giresun İleri Gazetesi,findik rekolte,0,1,0,0,0,0,0,,,,
2026-03-12 07:00:00,orducu.com,Torun’dan Rekolte Tepkisi: Kar Kalkmadan Fındık Sayımı Olmaz - orducu.com,findik rekolte,0,1,0,0,0,0,0,,,,
2025-07-01 07:00:00,Yeni Şafak,Ordu haberleri: Tahmini fındık rekoltesi tespit çalışmaları başladı - Yeni Şafak,findik rekolte,0,1,0,0,0,0,0,,,,
2025-09-04 07:00:00,ekovitrin.com,Rekolte düşüklüğü fındık fiyatlarını yükseltti - ekovitrin.com,findik rekolte,0,1,1,0,1,0,0,,,,
2026-03-12 07:00:00,orducu.com,Başkan Aydın'dan Tepki: Daldaki Fındığı Kaça Sattınız? - orducu.com,findik rekolte,0,0,0,0,0,0,0,,,,
2026-03-11 07:00:00,orducu.com,"Akça'dan Sert Tepki: Yine Aynı Senaryo, Yine Aynı Oyun - orducu.com",findik rekolte,0,0,0,0,0,0,0,,,,
2025-08-10 07:00:00,webagron,"Fındıkta Rekolte Düşük, Alım Fiyatı Tartışmalı - webagron",findik rekolte,0,1,1,0,1,0,0,,,,
2025-07-29 07:00:00,Karadeniz'de Sonnokta Gazetesi,"Trabzon'da Fındık Rekoltesi Tartışması Büyüyor: ""Komisyonu Yok Sayanlara Haddini Bildirilmeli"" - Karadeniz'de Sonnokta Gazetesi",findik rekolte,0,1,0,0,0,0,0,,,,
2025-08-05 07:00:00,Sakarya Yenigün Gazetesi,Sakarya Güncel Fındık Fiyatları 5 Ağustos 2025: Fındık Kaç TL? Yeni Sezon Tahmini ve Rekolte Açıklandı - Sakarya Yenigün Gazetesi,findik rekolte,0,1,1,0,0,0,0,,,,
2025-07-29 07:00:00,Yeni Şafak,Ordu'da geçen yıl 202 bin ton olan fındık rekoltesi 64 bin tona düştü: 'Erken hasat kaliteyi ve randımanı d... - Yeni Şafak,findik rekolte,0,1,0,0,0,0,0,,,,
2025-09-23 07:00:00,61SAAT,Fındık fiyatı rekor üstüne rekor kırıyor.. 400 TL'yi geçer mi? - 61SAAT,findik rekolte,0,0,1,0,0,0,0,,,,
2025-05-22 07:00:00,ankahaber.net,Giresun Ziraat Odası Başkanı Karan: “2025 fındık rekoltesi 500 bin tonun altında kalabilir” - ankahaber.net,findik rekolte,0,1,0,0,0,0,0,,,,
2025-07-21 07:00:00,Nefes Gazetesi,Fındıkta büyük kayıp: Tonlarca ürün yok oldu - Nefes Gazetesi,findik rekolte,0,1,0,0,0,0,0,,,,
2025-05-12 07:00:00,Ekonomi Gazetesi,'Uluslararası konseyin Türk fındığı tahmini gerçekçi değil' - Ekonomi Gazetesi,findik rekolte,0,0,0,0,0,0,0,,,,
2025-07-21 07:00:00,ekotürk,Fındıkta büyük kayıp: Ordu’da rekolte yüzde 70 azaldı - ekotürk,findik rekolte,0,1,0,0,0,0,0,,,,
2025-07-21 07:00:00,Giresun İleri Gazetesi,Türkiye'nin fındık rekoltesinde ciddi düşüş! - Giresun İleri Gazetesi,findik rekolte,0,1,0,0,0,0,0,,,,
2025-07-29 07:00:00,Ünye Kent Gazetesi,Seyit Torun’dan fındık rekoltesi tahminine tepki! - Ünye Kent Gazetesi,findik rekolte,0,1,0,0,0,0,0,,,,
2025-08-16 07:00:00,Ege Alternatif,Giresun'da damla sulama sistemiyle fındık verimi iki katına çıktı - Ege Alternatif,findik rekolte,0,0,0,0,0,0,0,,,,
2025-07-30 07:00:00,Yeniçağ Gazetesi,TZOB Yönetim Kurulu Üyesi Arslan Soydan: Üretici bu oyuna gelmeyecek! - Yeniçağ Gazetesi,findik rekolte,0,0,0,0,0,0,0,,,,
2025-07-22 07:00:00,Halk 54,Sakarya'da fındık işçilerinin günlük yevmiyesi belli oldu - Halk 54,findik rekolte,0,0,0,0,0,0,0,,,,
2025-07-28 07:00:00,Giresun İleri Gazetesi,"Yağlıdere Belediye Başkanı İbaş'tan Fındık Fiyatı Açıklaması: 'TMO, Üretici Lehine Adım... - Giresun İleri Gazetesi",findik rekolte,0,0,1,0,0,0,0,,,,
2025-05-11 07:00:00,Dünya Gazetesi,INC rekolte açıkladı: Fındık fiyatları dibe vurdu! - Dünya Gazetesi,findik rekolte,0,1,1,0,0,0,0,,,,
2025-05-10 07:00:00,Ekonomim,Fındığı don vurdu: Tahmini rekoltede büyük düşüş - Ekonomim,findik rekolte,1,1,0,0,0,0,0,,,,
2024-07-18 07:00:00,Anadolu Ajansı,Fındık rekoltesinde bu yıl yüzde 14 artış bekleniyor - Anadolu Ajansı,findik rekolte,0,1,0,0,0,0,0,,,,
2025-05-12 07:00:00,ekotürk,Türkiye’nin fındık rekoltesi 609 bin tona geriledi - ekotürk,findik rekolte,0,1,0,0,0,0,0,,,,
2022-07-07 07:00:00,Milliyet,2022 yılı fındık rekolte tahmin çalışması yapıldı - Milliyet,findik rekolte,0,1,0,0,0,0,0,,,,
2025-05-11 07:00:00,Ekonomi Manşet,INC rekolte açıkladı: Fındık fiyatları dibe vurdu! - Ekonomi Manşet,findik rekolte,0,1,1,0,0,0,0,,,,
2025-05-13 07:00:00,ankahaber.net,"CHP Genel Başkan Yardımcısı Adem: ""Fındık fiyatı açıklanmadan yüksek rekolte ilan ediliyor, sonra TMO eliyle üretici pazarlık gücünden koparılıyor"" - ankahaber.net",findik rekolte,0,1,1,0,0,0,0,,,,
2025-05-06 07:00:00,Yeşilgiresun Gazetesi,Fındıkta 2025 Yılı Tahmini Rekoltesi Belli Oluyor: Üretici Açıklanacak Rakamı Bekliyor - Yeşilgiresun Gazetesi,findik rekolte,0,1,0,0,0,0,0,,,,
2023-07-04 07:00:00,Anadolu Ajansı,Trabzon'da fındık rekolte tespit çalışmaları başladı - Anadolu Ajansı,findik rekolte,0,1,0,0,0,0,0,,,,
2024-05-11 07:00:00,tarimdunyasi.net,Fındıkta ilk rekolte tahmini 785 bin ton - tarimdunyasi.net,findik rekolte,0,1,0,0,0,0,0,,,,
2024-07-18 07:00:00,Karadeniz'de Sonnokta Gazetesi,2024 yılı fındık rekoltesi açıklandı - Karadeniz'de Sonnokta Gazetesi,findik rekolte,0,1,0,0,0,0,0,,,,
2023-05-25 07:00:00,Ekonomi Gazetesi,Türkiye’nin tahmini fındık rekoltesi 810 bin ton - Ekonomi Gazetesi,findik rekolte,0,1,0,0,0,0,0,,,,
2022-07-21 07:00:00,Anadolu Ajansı,Tarım ve Orman Bakanlığı fındık rekoltesi tahminini açıkladı - Anadolu Ajansı,findik rekolte,0,1,0,0,0,0,0,,,,
2025-05-11 07:00:00,Giresun İleri Gazetesi,INC Türkiye Fındık Rekoltesini Açıkladı: Fındık Fiyatlarında Sert Düşüş Yaşandı - Giresun İleri Gazetesi,findik rekolte,0,1,1,0,0,0,0,,,,
2021-05-30 07:00:00,Anadolu Ajansı,Ulusal Fındık Konseyi Başkanı Arslantürk: Üreticinin yüzünün güldüğü bir sezon bizi bekliyor - Anadolu Ajansı,findik rekolte,0,0,0,0,0,0,0,,,,
2022-08-07 07:00:00,Anadolu Ajansı,Sakaryalı fındık üreticisi bu yıl yüksek rekolte bekliyor - Anadolu Ajansı,findik rekolte,0,1,0,0,0,0,0,,,,
2020-11-25 08:00:00,Independent Türkçe,Fındık rekoltesi ve fiyatlar manipüle mi ediliyor? - Independent Türkçe,findik rekolte,0,1,1,0,0,0,0,,,,
2024-07-17 07:00:00,Yeşilgiresun Gazetesi,Tahmini Rekolte Açıklandı! İşte İl İl Rakamlar - Yeşilgiresun Gazetesi,findik rekolte,0,1,0,0,0,0,0,,,,
2025-01-20 08:00:00,Karasu Haberleri,Umut Uysal: Fındıkta rekolte sayımı - Karasu Haberleri,findik rekolte,0,1,0,0,0,0,0,,,,
2023-07-18 07:00:00,Son Dakika,Türkiye'nin 2023 Fındık Rekoltesi Açıklandı - Son Dakika,findik rekolte,0,1,0,0,0,0,0,,,,
2024-07-18 07:00:00,Sabah,2024 yılı fındık rekoltesi açıklandı - Sabah,findik rekolte,0,1,0,0,0,0,0,,,,
2018-07-02 07:00:00,Ordu İl Tarım ve Orman Müdürlüğü,Fındık Rekolte Tespit Komisyonu Saha Çalışmalarına Başladı - Ordu İl Tarım ve Orman Müdürlüğü,findik rekolte,0,1,0,0,0,0,0,,,,
2023-07-13 07:00:00,Yeniçağ Gazetesi,Samsun'da fındık rekolte tespit çalışmaları tamamlandı - Yeniçağ Gazetesi,findik rekolte,0,1,0,0,0,0,0,,,,
2025-04-12 07:00:00,Evrensel.net,Zirai donun fındık bahçelerine vurması rekolte endişesine neden oldu - Evrensel.net,findik rekolte,0,1,0,0,0,0,0,,,,
2022-01-14 08:00:00,Anadolu Ajansı,Kocaeli'de fındık rekoltesi ıslah çalışmalarıyla artırılacak - Anadolu Ajansı,findik rekolte,0,1,0,0,0,0,0,,,,
2024-07-18 07:00:00,Giresun İleri Gazetesi,Fındık üreticilerinin merakla beklediği o rakam açıklandı - Giresun İleri Gazetesi,findik rekolte,0,0,0,0,0,0,0,,,,
2020-07-11 07:00:00,Milliyet,Samsun'da 80 bin ton fındık rekoltesi bekleniyor - Milliyet,findik rekolte,0,1,0,0,0,0,0,,,,
2023-07-14 07:00:00,Kastamonu Gündem Gazetesi,Fındık rekoltesi düştü - Kastamonu Gündem Gazetesi,findik rekolte,0,1,0,0,0,0,0,,,,
2024-07-28 07:00:00,Giresun İleri Gazetesi,Giresun'da Yeni Bir Fındık Rekoltesi Açıklandı: 649 Bin 90 Ton! - Giresun İleri Gazetesi,findik rekolte,0,1,0,0,0,0,0,,,,
2024-07-19 07:00:00,Gıda Hattı,"Fındık rekoltesi belli oldu, gözler fiyatta! - Gıda Hattı",findik rekolte,0,1,1,0,0,0,0,,,,
2024-07-17 07:00:00,Giresun Öncü Gazetesi,Türkiye’nin fındık rekoltesi belli oldu - Giresun Öncü Gazetesi,findik rekolte,0,1,0,0,0,0,0,,,,
2024-07-09 07:00:00,Niksar Danişmend,Fındıkta rekolte belirleme çalışması: Bahçelerde çotanak sayımı - Niksar Danişmend,findik rekolte,0,1,0,0,0,0,0,,,,
2024-09-20 07:00:00,manisadenge.com,Fındık hem randıman hem de rekolte olarak üreticiyi yanılttı - manisadenge.com,findik rekolte,0,1,0,0,0,0,0,,,,
2022-07-07 07:00:00,Haberler,2022 yılı fındık rekolte tahmin çalışması yapıldı - Haberler,findik rekolte,0,1,0,0,0,0,0,,,,
2023-09-30 07:00:00,Cumhuriyet,Karadeniz'de kriz... Fındık üretimindeki azalmanın sebebi belli oldu! - Cumhuriyet,findik rekolte,0,0,0,0,0,0,0,,,,
2026-04-11 03:31:28,Ünye Gündem Haber,Ordu’da Zirai Don Alarmı: Fındık Üreticilerine Kritik Uyarı - Ünye Gündem Haber,fındık don,1,0,0,0,0,0,0,,,,
2026-04-12 07:00:00,oncurtv.com,O BÖLGELERDE ZİRAİ DON RİSKİ DEVAM EDİYOR… - oncurtv.com,fındık don,1,0,0,0,0,0,0,,,,
2026-04-30 22:30:00+00:00,habervitrini.com,Habervitrini . com | Yaz geliyor derken kar kapıda ... Sıcaklık 10 derece birden düşecek,hazelnut frost Turkey,0,0,0,0,0,0,0,,,,
2026-04-28 14:45:00+00:00,malatyaguncel.com,"Ağbaba Mecliste Uyardı :  Kayısı Yerle Bir Oldu , Don Dolu Bir De Faiz Afeti Var",hazelnut frost Turkey,1,0,0,0,0,0,0,,,,
2026-04-10 05:30:00+00:00,bigpara.hurriyet.com.tr,Tarımda kritik gece,hazelnut frost Turkey,0,0,0,0,0,0,0,,,,
2026-04-09 12:30:00+00:00,haberturk.com,SON DAKİKA : Termometre düşüyor ... Birçok kente kar geliyor | Hava durumu İstanbul,hazelnut frost Turkey,0,0,0,0,0,0,0,,,,
2026-04-07 11:45:00+00:00,yenimesaj.com.tr,CHPli Murat Çandan özelleþtirme tepkisi,hazelnut frost Turkey,0,0,0,0,0,0,0,,,,
2026-04-07 10:30:00+00:00,haberler.com,"CHPli Murat Çandan Özelleştirme Tepkisi :  İktidarı , Milletin Malını Satıp Savarak Birilerini Zengin Etme Operasyonundan Vazgeçmeye Çağırıyorum",hazelnut frost Turkey,0,0,0,0,0,0,0,,,,
2026-04-05 17:30:00+00:00,61saat.com,Trabzonda kritik uyarı ! Fındıkta hem kayıp hem fiyat düşüşü,hazelnut frost Turkey,0,0,1,0,0,0,0,,,,
2026-04-05 16:00:00+00:00,yenimesaj.com.tr,TZOB :  Don felaketi 65 vilayette etkili oldu,hazelnut frost Turkey,1,0,0,0,0,0,0,,,,
2026-04-05 13:30:00+00:00,haberler.com,Türkiye Ziraat Odaları Birliği Genel Başkanı Şemsi Bayraktar Açıklaması,hazelnut frost Turkey,0,0,0,0,0,0,0,,,,
2026-04-05 13:30:00+00:00,haberturk.com,Türkiye Ziraat Odaları Birliği Genel Başkanı Şemsi Bayraktar :  2025 yılı Cumhuriyet tarihinin en büyük afetlerinin yaşandığı yıl oldu   Hürmüz Boğazı  nın kapanması girdi maliyetlerini artırdı,hazelnut frost Turkey,0,0,0,0,0,0,0,,,,
2026-05-04 13:49:00,Haber 7,Fındık ihracatından dev gelir! - Haber 7,fındık,0,0,0,0,0,0,1,0.0,0.0,0.0,0.0
2026-04-28 16:30:00,Düzce Damla Gazetesi,Fiskobirlik Kavşağı'nda ortalık karıştı! - Düzce Damla Gazetesi,fiskobirlik,0,0,0,0,0,0,0,0.0,0.0,0.0,0.0
2023-12-21 08:00:00,Giresun Öncü Gazetesi,Türkiye o üründe dünya liderliğini 60 yıldır bırakmadı - Giresun Öncü Gazetesi,turkey hazelnut,0,1,0,0,0,0,0,0.0,0.0,0.0,0.0
2026-05-07 21:15:00+00:00,haberler.com,Hantavirüs Türkiyede var mı ?,hazelnut Turkey,0,0,0,0,0,0,0,0.0,0.0,0.0,0.0
2026-05-07 16:30:00+00:00,61saat.com,"Özgür Özelden SAHA 2026  ya ziyaret : Etkilenmediğim yok , hepsi harika",hazelnut Turkey,0,0,0,0,0,0,0,0.0,0.0,0.0,0.0
2026-05-07 08:00:00+00:00,haber7.com,"BİM Aktüel ürünleri kataloğu 12 Mayıs : Scooter , Çift Kişilik Yatak , Dana Baton Kavurma ...",hazelnut Turkey,0,1,0,0,0,0,0,0.0,0.0,0.0,0.0
2026-05-06 19:00:00+00:00,haberler.com,Sahra Arslan - Oldu mu şimdi ? - Haberler . com,hazelnut Turkey,0,0,0,0,0,0,0,0.0,0.0,0.0,0.0
2026-05-06 16:00:00+00:00,haberts.com,Trabzonsporda Beşiktaş Mesaisi Sürüyor - Trabzon Haber | Son Dakika Trabzonspor Gelişmeleri ve Yerel Haberler,hazelnut Turkey,0,0,0,0,0,0,0,0.0,0.0,0.0,0.0
2026-05-06 08:45:00+00:00,bianet.org,"Deniz Gezmiş , Yusuf Aslan ve Hüseyin İnan  ın idamının 54 . yılı :   Fidan  anılıyor",hazelnut Turkey,0,0,0,0,0,0,0,0.0,0.0,0.0,0.0
2026-05-06 04:00:00+00:00,t24.com.tr,Matchadan sonra yükselen yeni lezzet trendi : Hojicha latte nedir ?,hazelnut Turkey,0,0,0,0,0,0,0,1.0,0.0,0.0,0.0
2026-05-05 09:15:00+00:00,kibrisgazetesi.com,"Kıbrıs Türk Tarih Kurumu Başkanlığına İsmail Bozkurt getirildi - Kıbrıs Gazetesi - Kıbrıs Haber , KKTC Son Dakika ve Gündem Haberleri",hazelnut Turkey,0,0,0,0,0,0,0,0.0,0.0,0.0,0.0
2026-05-05 08:15:00+00:00,kibrispostasi.com,Kıbrıs Türk Tarih Kurumu Başkanlığına İsmail Bozkurt getirildi,hazelnut Turkey,0,0,0,0,0,0,0,0.0,0.0,0.0,0.0
2026-05-05 07:45:00+00:00,havadiskibris.com,Kıbrıs Türk Tarih Kurumu Başkanlığına İsmail Bozkurt getirildi - Havadis Gazetesi,hazelnut Turkey,0,0,0,0,0,0,0,0.0,0.0,0.0,0.0
